segment_id,osm_id,node_u,node_v,name,road_type,length,has_geometry
1221729713_174778805_2063026231,1221729713,174778805,2063026231,Bridges Road,primary,77.411,True
1293396903_174778805_11265816234,1293396903,174778805,11265816234,Bridges Road,primary,16.466,True
329227971_174778805_3360641419,329227971,174778805,3360641419,Burke Street,residential,17.756,True
255164744_174778835_1843667444,255164744,174778835,1843667444,Bridges Road,primary,279.447,True
446614031_174778835_1843667476,446614031,174778835,1843667476,Saint James Road,secondary,92.84899999999999,True
569034005_174778835_2608920684,569034005,174778835,2608920684,Bridges Road,primary,82.878,True
"[688568545, 655889606]_174778835_1843667451","[688568545, 655889606]",174778835,1843667451,Saint James Road,secondary,182.298,True
573325161_174778835_285923886,573325161,174778835,285923886,Bridges Road,primary,79.02000000000001,True
415483038_174778963_1453639332,415483038,174778963,1453639332,Kullaiba Road,unclassified,11.423,True
415483035_174778963_1926352191,415483035,174778963,1926352191,Northcott Drive,primary,105.732,True
731235026_174778963_1453639318,731235026,174778963,1453639318,Northcott Drive,primary,8.162,True
26056155_174778963_2658893207,26056155,174778963,2658893207,Kullaiba Road,unclassified,161.101,True
410253247_174779068_1436939673,410253247,174779068,1436939673,Glebe Road,secondary,111.844,True
174082015_174779068_355013052,174082015,174779068,355013052,Date Street,residential,203.076,True
174082015_174779068_285732077,174082015,174779068,285732077,Date Street,residential,117.323,True
410253247_174779068_272224405,410253247,174779068,272224405,Glebe Road,secondary,109.518,True
573325152_174794320_337354143,573325152,174794320,337354143,Lambton Road,primary,32.102,True
688558168_174794320_337354167,688558168,174794320,337354167,Brown Road,unclassified,121.788,True
255022918_176399672_903719287,255022918,176399672,903719287,Noel Avenue,residential,10.462,True
"[580178241, 132079389]_176399672_903719325","[580178241, 132079389]",176399672,903719325,Park Avenue,secondary,73.10300000000001,True
255022918_176399672_418606411,255022918,176399672,418606411,Noel Avenue,residential,51.966,True
"[530744666, 918532435]_176399672_246011243","[530744666, 918532435]",176399672,246011243,Park Avenue,secondary,38.328,True
200856336_176399696_8562026835,200856336,176399696,8562026835,Brisbane Water Road,residential,23.944000000000003,True
"[530744664, 530744665, 918532438]_176399696_246011243","[530744664, 530744665, 918532438]",176399696,246011243,Park Avenue,secondary,122.697,True
580178234_176399696_8528284074,580178234,176399696,8528284074,Park Avenue,secondary,35.988,True
918532442_176399696_8530772748,918532442,176399696,8530772748,Park Avenue,secondary,46.337999999999994,True
254775210_176399746_419517731,254775210,176399746,419517731,Fletcher Street,residential,28.285999999999998,True
"[415483008, 919009095]_176399746_8534733867","[415483008, 919009095]",176399746,8534733867,Park Avenue,secondary,375.61500000000007,True
"[918257319, 918532443, 918562735]_176399746_8530772748","[918257319, 918532443, 918562735]",176399746,8530772748,Park Avenue,secondary,122.92599999999999,True
"[918532444, 918532439, 580178231]_176399746_903719290","[918532444, 918532439, 580178231]",176399746,903719290,Park Avenue,secondary,76.491,True
173175124_285732058_285732212,173175124,285732058,285732212,Fletcher Street,residential,84.388,True
130457256_176399846_1843667522,130457256,176399846,1843667522,Park Avenue,secondary,150.052,True
130457258_176399846_285732092,130457258,176399846,285732092,Park Avenue,secondary,75.241,True
130457261_176399846_285732089,130457261,176399846,285732089,Victoria Street,residential,37.144999999999996,True
573325146_246010907_1839861538,573325146,246010907,1839861538,Young Road,tertiary_link,13.139,True
"[573325147, 688597060, 782048683]_246010907_1843582800","[573325147, 688597060, 782048683]",246010907,1843582800,Turton Road,primary,266.307,True
822222312_246010907_285923275,822222312,246010907,285923275,Young Road,tertiary,131.569,True
"[784818801, 750977444, 750977445, 750977446]_246010907_1839861547","[784818801, 750977444, 750977445, 750977446]",246010907,1839861547,Turton Road,primary,233.328,True
"[918532436, 918532437]_246011243_903719287","[918532436, 918532437]",246011243,903719287,Park Avenue,secondary,37.501999999999995,True
36093938_249343640_2659075988,36093938,249343640,2659075988,Lexington Parade,secondary,9.919,True
"[418259558, 332229918]_249343640_284966533","[418259558, 332229918]",249343640,284966533,Park Avenue,secondary,145.996,True
457819681_249343640_2833593903,457819681,249343640,2833593903,Lexington Parade,secondary,57.705,True
"[1376958404, 1376958405, 419698285]_249343640_903719337","[1376958404, 1376958405, 419698285]",249343640,903719337,Park Avenue,secondary,300.942,True
570218656_249344236_2678502916,570218656,249344236,2678502916,Russell Road,primary,25.651,True
791465727_249344236_2678502918,791465727,249344236,2678502918,Lookout Road,trunk,19.984,True
200701578_272221403_272223115,200701578,272221403,272223115,Lockyer Street,residential,339.146,True
675793851_272221403_272225716,675793851,272221403,272225716,Brunker Road,secondary,163.844,True
"[675793851, 173159988]_272221403_285907336","[675793851, 173159988]",272221403,285907336,Brunker Road,secondary,254.483,True
200526840_272223115_272223174,200526840,272223115,272223174,Bryant Street,residential,68.404,True
200526840_272223115_1848248256,200526840,272223115,1848248256,Bryant Street,residential,161.68800000000002,True
"[34109880, 34109882, 200526840, 34109879]_272223174_272223174","[34109880, 34109882, 200526840, 34109879]",272223174,272223174,"['Drew Street', 'Hope Street', 'Richard Street', 'Bryant Street']",residential,475.1859999999999,True
"[200526840, 34109882, 34109880, 34109879]_272223174_272223174","[200526840, 34109882, 34109880, 34109879]",272223174,272223174,"['Drew Street', 'Bryant Street', 'Richard Street', 'Hope Street']",residential,475.186,True
446614997_272223869_272225486,446614997,272223869,272225486,Glebe Road,secondary,110.892,True
446614997_272223869_1839861628,446614997,272223869,1839861628,Glebe Road,secondary,110.867,True
25027095_272223869_2474738239,25027095,272223869,2474738239,Belmore Street,residential,116.62299999999999,True
61405537_272224402_286119551,61405537,272224402,286119551,Brunker Road,secondary,31.366,True
61405537_272224402_286119794,61405537,272224402,286119794,Brunker Road,secondary,128.815,True
173160027_272224402_286119087,173160027,272224402,286119087,Mandalong Road,residential,52.725,True
61405537_272224404_286119437,61405537,272224404,286119437,Brunker Road,secondary,94.111,True
25027989_272224404_769203760,25027989,272224404,769203760,Olney Road,residential,107.80699999999999,True
61405537_272224404_286119551,61405537,272224404,286119551,Brunker Road,secondary,267.45799999999997,True
417741680_272224405_285732088,417741680,272224405,285732088,Glebe Road,secondary,116.994,True
675793851_272224405_272225716,675793851,272224405,272225716,Brunker Road,secondary,117.44,True
"[61405537, 1211512458]_272224405_286119437","[61405537, 1211512458]",272224405,286119437,Brunker Road,secondary,101.453,True
712131971_272225716_285732077,712131971,272225716,285732077,Victoria Street,residential,111.234,True
"[1319583434, 712131970]_272225716_285732087","[1319583434, 712131970]",272225716,285732087,Victoria Street,residential,116.44699999999999,True
235918157_276839788_276839791,235918157,276839788,276839791,Birdwood Street,residential,55.31,True
173175033_276839788_1840020259,173175033,276839788,1840020259,Freeman Street,residential,80.47999999999999,True
235918157_276839788_276839790,235918157,276839788,276839790,Birdwood Street,residential,77.937,True
235918157_276839789_276839790,235918157,276839789,276839790,Birdwood Street,residential,12.383,True
"[173175138, 688597077]_276839789_7095701989","[173175138, 688597077]",276839789,7095701989,Carnley Avenue,secondary,216.674,True
235918157_276839789_285923927,235918157,276839789,285923927,Birdwood Street,residential,93.723,True
"[173175138, 1221729708]_276839789_8975857811","[173175138, 1221729708]",276839789,8975857811,Carnley Avenue,secondary,260.818,True
"[969953696, 173175109]_276839790_2643520648","[969953696, 173175109]",276839790,2643520648,Carnley Avenue,secondary,283.25100000000003,True
969953695_276839790_2676461913,969953695,276839790,2676461913,Carnley Avenue,secondary,216.74200000000002,True
173175000_276839791_12446969783,173175000,276839791,12446969783,Ann Parade,residential,291.65099999999995,True
"[244673314, 235918157]_276839791_1840020279","[244673314, 235918157]",276839791,1840020279,"['Allan Street', 'Birdwood Street']",residential,229.35299999999998,True
415483043_276839881_6144518511,415483043,276839881,6144518511,Orchardtown Road,residential,50.321,True
173174963_276839881_1840020292,173174963,276839881,1840020292,Orchardtown Road,residential,83.096,True
173175099_276839881_1840020291,173175099,276839881,1840020291,Meredith Street,residential,220.058,True
415483043_276839882_6144518497,415483043,276839882,6144518497,Orchardtown Road,residential,72.727,True
415483043_276839882_6144518511,415483043,276839882,6144518511,Orchardtown Road,residential,8.837,True
173175081_276839882_1840020279,173175081,276839882,1840020279,Woodlands Avenue,residential,175.112,True
173175083_276839898_1840020257,173175083,276839898,1840020257,Aldyth Street,residential,55.12,True
655868219_276839898_1840020266,655868219,276839898,1840020266,Fay Avenue,residential,57.468,True
173175083_276839898_1840020278,173175083,276839898,1840020278,Aldyth Street,residential,153.756,True
655868219_276839898_6144518497,655868219,276839898,6144518497,Fay Avenue,residential,208.55200000000002,True
418259545_284966224_286118933,418259545,284966224,286118933,Saint James Road,secondary,53.368,True
418259546_284966224_286119052,418259546,284966224,286119052,Saint James Road,secondary,46.923,True
"[418259547, 611263085]_284966224_1843667521","[418259547, 611263085]",284966224,1843667521,Fairfield Avenue,residential,319.246,True
1299638355_284966533_12038672019,1299638355,284966533,12038672019,Park Avenue,secondary,7.304,True
173175155_284966533_903719322,173175155,284966533,903719322,Kullaiba Road,unclassified,5.814,True
173175119_285732058_285732216,173175119,285732058,285732216,Wood Street,residential,107.47,True
173175124_285732058_285732114,173175124,285732058,285732114,Fletcher Street,residential,301.93100000000004,True
170206421_285732060_285732233,170206421,285732060,285732233,Bourke Street,residential,115.87599999999999,True
200537746_285732060_285732232,200537746,285732060,285732232,Fourth Street,residential,172.03099999999998,True
200537746_285732060_285732230,200537746,285732060,285732230,Fourth Street,residential,128.83800000000002,True
308838681_285732076_2108084122,308838681,285732076,2108084122,Teralba Road,residential,105.468,True
410253246_285732076_1436939673,410253246,285732076,1436939673,Teralba Road,residential,117.52300000000001,True
712131971_285732076_285732077,712131971,285732076,285732077,Victoria Street,residential,111.32400000000001,True
1319960202_285732076_1436939676,1319960202,285732076,1436939676,Victoria Street,residential,60.358000000000004,True
174082015_285732077_285732235,174082015,285732077,285732235,Date Street,residential,166.127,True
173159992_285732078_285732079,173159992,285732078,285732079,Buxton Street,residential,103.082,True
201078200_285732079_2474738239,201078200,285732079,2474738239,Victoria Street,residential,111.41,True
201078200_285732079_1848248256,201078200,285732079,1848248256,Victoria Street,residential,110.515,True
173159992_285732079_1839861628,173159992,285732079,1839861628,Buxton Street,residential,115.949,True
446614997_285732082_4572931369,446614997,285732082,4572931369,Glebe Road,secondary,73.428,True
417741680_285732082_5494239660,417741680,285732082,5494239660,Glebe Road,secondary,108.30499999999999,True
"[611263034, 25027079]_285732082_286119016","[611263034, 25027079]",285732082,286119016,Bryant Street,residential,259.53400000000005,True
701137485_285732082_1848248256,701137485,285732082,1848248256,Bryant Street,residential,116.56099999999999,True
173160004_285732083_285732084,173160004,285732083,285732084,Morgan Street,residential,105.226,True
201078200_285732084_1848248256,201078200,285732084,1848248256,Victoria Street,residential,111.155,True
201078200_285732084_390998555,201078200,285732084,390998555,Victoria Street,residential,55.119,True
173160004_285732084_285732085,173160004,285732084,285732085,Morgan Street,residential,115.962,True
417741680_285732085_5494239660,417741680,285732085,5494239660,Glebe Road,secondary,3.403,True
417741680_285732085_285732088,417741680,285732085,285732088,Glebe Road,secondary,111.04599999999999,True
173159987_285732087_1848248257,173159987,285732087,1848248257,Gosford Road,residential,105.064,True
201078200_285732087_390998555,201078200,285732087,390998555,Victoria Street,residential,55.928,True
173159987_285732087_285732088,173159987,285732087,285732088,Gosford Road,residential,116.28099999999999,True
173159987_285732088_1839861619,173159987,285732088,1839861619,Gosford Road,residential,103.94200000000001,True
130457261_285732089_1436939674,130457261,285732089,1436939674,Victoria Street,residential,118.62899999999999,True
173175088_285732089_1840020268,173175088,285732089,1840020268,Sixth Street,residential,142.82,True
130457258_285732092_8386558650,130457258,285732092,8386558650,Park Avenue,secondary,133.014,True
173175057_285732092_285732244,173175057,285732092,285732244,Edden Street,residential,83.445,True
173175014_285732107_285732205,173175014,285732107,285732205,Powell Street,residential,158.173,True
173175053_285732107_285732108,173175053,285732107,285732108,Brisbane Water Road,residential,121.89699999999999,True
173174977_285732108_285732207,173174977,285732108,285732207,Brown Street,residential,136.51399999999998,True
173175057_285732228_285732244,173175057,285732228,285732244,Edden Street,residential,141.421,True
173175053_285732108_285732109,173175053,285732108,285732109,Brisbane Water Road,residential,70.46100000000001,True
922290136_285732109_8562026838,922290136,285732109,8562026838,Brisbane Water Road,residential,4.925,True
"[200856337, 173175053]_285732109_285732111","[200856337, 173175053]",285732109,285732111,"['Dibbs Street', 'Brisbane Water Road']",residential,167.732,True
200856338_285732111_285732207,200856338,285732111,285732207,Bailey Street,residential,120.78800000000001,True
200856338_285732111_285732113,200856338,285732111,285732113,Bailey Street,residential,121.422,True
173175015_285732113_285732226,173175015,285732113,285732226,Bailey Street,residential,242.36,True
173175124_285732113_285732209,173175124,285732113,285732209,Fletcher Street,residential,41.114000000000004,True
173175124_285732113_1840020305,173175124,285732113,1840020305,Fletcher Street,residential,77.131,True
174082015_285732114_285732115,174082015,285732114,285732115,Date Street,residential,82.679,True
174082015_285732114_285732124,174082015,285732114,285732124,Date Street,residential,121.155,True
174082015_285732115_285732117,174082015,285732115,285732117,Date Street,residential,28.051,True
174082018_285732115_285907337,174082018,285732115,285907337,Rifle Street,residential,104.372,True
174082015_285732117_285732232,174082015,285732117,285732232,Date Street,residential,117.411,True
174082027_285732117_285732118,174082027,285732117,285732118,Wells Street,residential,241.671,True
173175074_285732124_285732127,173175074,285732124,285732127,Moira Street,residential,282.53000000000003,True
173175074_285732127_1840020316,173175074,285732127,1840020316,Moira Street,residential,158.053,True
173175124_285732129_285732212,173175124,285732129,285732212,Fletcher Street,residential,56.148,True
173175124_285732129_285732209,173175124,285732129,285732209,Fletcher Street,residential,150.734,True
200856992_285732129_1840020316,200856992,285732129,1840020316,Garden Grove Parade,residential,120.631,True
200856985_285732205_9156824351,200856985,285732205,9156824351,Bailey Street,residential,72.303,True
200856985_285732205_285732207,200856985,285732205,285732207,Bailey Street,residential,121.28399999999999,True
"[173175086, 200856335]_285732209_1840020284","[173175086, 200856335]",285732209,1840020284,"['Eighth Street', 'Ninth Street']",residential,245.476,True
173175119_285732211_285732216,173175119,285732211,285732216,Wood Street,residential,66.342,True
173175086_285732211_1840020286,173175086,285732211,1840020286,Eighth Street,residential,116.917,True
173175119_285732211_285732230,173175119,285732211,285732230,Wood Street,residential,56.449,True
173175055_285732212_285732216,173175055,285732212,285732216,Mowbray Crescent,residential,188.68499999999997,True
173175015_285732226_8386558649,173175015,285732226,8386558649,Bailey Street,residential,64.834,True
173175082_285732226_285732228,173175082,285732226,285732228,Fourth Street,residential,102.583,True
173175082_285732228_285732229,173175082,285732228,285732229,Fourth Street,residential,81.19,True
173175057_285732228_1840020284,173175057,285732228,1840020284,Edden Street,residential,57.154,True
173175082_285732229_285732230,173175082,285732229,285732230,Fourth Street,residential,117.07300000000001,True
173175088_285732229_1840020286,173175088,285732229,1840020286,Sixth Street,residential,56.206,True
173175088_285732229_1840020268,173175088,285732229,1840020268,Sixth Street,residential,142.70000000000002,True
200537745_285732230_285732248,200537745,285732230,285732248,Wood Street,residential,142.609,True
174082015_285732232_285732235,174082015,285732232,285732235,Date Street,residential,115.89699999999999,True
174082023_285732233_285732235,174082023,285732233,285732235,Jefferson Street,residential,173.329,True
"[170206420, 170206421, 1319583431]_285732233_1436939676","[170206420, 170206421, 1319583431]",285732233,1436939676,Bourke Street,residential,166.888,True
200856339_285732244_1840020268,200856339,285732244,1840020268,Third Street,residential,80.096,True
200537745_285732248_1436939674,200537745,285732248,1436939674,Wood Street,residential,142.56400000000002,True
200856339_285732248_1840020268,200856339,285732248,1840020268,Third Street,residential,116.939,True
200856339_285732248_2108084123,200856339,285732248,2108084123,Third Street,residential,48.126,True
174082030_285907000_285907006,174082030,285907000,285907006,Bullecourt Circuit,residential,32.284,True
174082030_285907000_285907338,174082030,285907000,285907338,Bullecourt Circuit,residential,38.703,True
174082017_285907006_1848248267,174082017,285907006,1848248267,Amiens Place,residential,51.501,True
26116682_285907336_285907338,26116682,285907336,285907338,,secondary,16.006,True
26116682_285907336_285907337,26116682,285907336,285907337,,secondary,13.691999999999998,True
26116682_285907337_285907350,26116682,285907337,285907350,,secondary,14.404,True
26116682_285907338_285907350,26116682,285907338,285907350,,secondary,16.561,True
256934882_285922353_420057113,256934882,285922353,420057113,Young Road,tertiary,122.571,True
32656467_285922353_285923102,32656467,285922353,285923102,Wallarah Road,residential,91.631,True
256934882_285922353_285923339,256934882,285922353,285923339,Young Road,tertiary,79.832,True
263171111_285922506_285923055,263171111,285922506,285923055,Wye Street,residential,120.749,True
"[263171115, 883006638, 654698583]_285922506_1843667280","[263171115, 883006638, 654698583]",285922506,1843667280,"['Hobart Road', 'Howe Street']",secondary,164.004,True
263171114_285922515_739711945,263171114,285922515,739711945,Hobart Road,residential,22.116,True
305981303_285922515_367128077,305981303,285922515,367128077,Tyrone Road,residential,84.168,True
573325156_285922515_285923652,573325156,285922515,285923652,Hobart Road,residential,70.681,True
32656495_285922527_367128371,32656495,285922527,367128371,Hobart Road,residential,121.57300000000001,True
170216209_285922527_4414732069,170216209,285922527,4414732069,Hobart Road,residential,112.483,True
573325154_285922527_285923171,573325154,285922527,285923171,Hobart Road,residential,17.232,True
173577835_285922879_1843667262,173577835,285922879,1843667262,Durham Road,residential,32.268,True
35932471_285922936_739712119,35932471,285922936,739712119,Lambton Road,secondary,89.317,True
173577836_285922936_285923568,173577836,285922936,285923568,Railway Road,residential,82.298,True
1301238056_285923206_337344529,1301238056,285923206,337344529,Hobart Road,residential,112.058,True
654720617_285922936_285922945,654720617,285922936,285922945,Howe Street,secondary,134.452,True
173577835_285922945_285923025,173577835,285922945,285923025,Durham Road,residential,113.686,True
185076115_285922945_1843667280,185076115,285922945,1843667280,Durham Road,secondary,30.27,True
666258147_285922945_6237659050,666258147,285922945,6237659050,Howe Street,residential,46.148,True
255022914_285922956_285922987,255022914,285922956,285922987,Rosmar Street,residential,60.86,True
263171114_285922956_739711945,263171114,285922956,739711945,Hobart Road,residential,128.53199999999998,True
883006635_285922956_1843667280,883006635,285922956,1843667280,Hobart Road,residential,76.019,True
173577835_285923025_1843667262,173577835,285923025,1843667262,Durham Road,residential,132.446,True
173577880_285923025_285923055,173577880,285923025,285923055,Church Street,residential,162.757,True
185076116_285923063_4277621979,185076116,285923063,4277621979,Durham Road,residential,3.193,True
185076116_285923063_285923102,185076116,285923063,285923102,Durham Road,residential,155.847,True
1386575351_285923063_285923339,1386575351,285923063,285923339,Orlando Road,residential,171.27200000000002,True
256934882_285923082_420057113,256934882,285923082,420057113,Young Road,tertiary,18.269,True
185076116_285923082_285923102,185076116,285923082,285923102,Durham Road,residential,121.839,True
"[822222312, 256934882]_285923082_285923307","[822222312, 256934882]",285923082,285923307,Young Road,tertiary,181.86900000000003,True
"[32656467, 822222308]_285923102_285923134","[32656467, 822222308]",285923102,285923134,Wallarah Road,residential,138.515,True
173160009_285923134_285923307,173160009,285923134,285923307,Womboin Road,residential,274.9359999999999,True
"[173160009, 822222311]_285923134_1843667295","[173160009, 822222311]",285923134,1843667295,Womboin Road,residential,181.806,True
232951491_285923134_1843667338,232951491,285923134,1843667338,Wallarah Road,residential,222.81799999999998,True
232951490_285923171_285923172,232951490,285923171,285923172,Wallarah Road,residential,106.31500000000001,True
"[788303537, 573325154]_285923171_1843667366","[788303537, 573325154]",285923171,1843667366,Hobart Road,residential,215.486,True
"[232951491, 822222310]_285923171_1843667338","[232951491, 822222310]",285923171,1843667338,Wallarah Road,residential,161.89199999999997,True
173577857_285923172_1843667393,173577857,285923172,1843667393,Thalaba Road,residential,232.008,True
173577857_285923172_1843667382,173577857,285923172,1843667382,Thalaba Road,residential,221.36899999999997,True
232951490_285923172_285923801,232951490,285923172,285923801,Wallarah Road,residential,85.644,True
173160034_285923183_285923198,173160034,285923183,285923198,Monash Road,residential,85.027,True
173160034_285923183_1843667338,173160034,285923183,1843667338,Monash Road,residential,93.14699999999999,True
173577851_285923183_367128371,173577851,285923183,367128371,Henderson Street,residential,163.072,True
173160034_285923198_285923212,173160034,285923198,285923212,Monash Road,residential,81.88,True
173577893_285923198_367128370,173577893,285923198,367128370,Hitchcock Avenue,residential,196.287,True
173160018_285923206_367128369,173160018,285923206,367128369,Marina Avenue,residential,13.596,True
1301238056_285923206_285923805,1301238056,285923206,285923805,Hobart Road,residential,60.691,True
173160018_285923212_285923230,173160018,285923212,285923230,Marina Avenue,residential,80.884,True
173160034_285923212_285923227,173160034,285923212,285923227,Monash Road,residential,119.03899999999999,True
173160018_285923216_285923230,173160018,285923216,285923230,Marina Avenue,residential,76.958,True
173160006_285923216_285923224,173160006,285923216,285923224,Rex Avenue,residential,120.10499999999999,True
173160018_285923216_367128369,173160018,285923216,367128369,Marina Avenue,residential,76.40299999999999,True
173160012_285923224_285923234,173160012,285923224,285923234,Gloucester Avenue,residential,74.154,True
173160006_285923224_1839861553,173160006,285923224,1839861553,Rex Avenue,residential,83.077,True
173160012_285923227_285923234,173160012,285923227,285923234,Gloucester Avenue,residential,80.433,True
"[173160034, 822222309]_285923227_1839861547","[173160034, 822222309]",285923227,1839861547,Monash Road,residential,93.038,True
173159995_285923230_285923234,173159995,285923230,285923234,Duke Street,residential,119.952,True
173160010_285923275_11198500742,173160010,285923275,11198500742,Central Street,residential,131.29500000000002,True
822222312_285923275_285923307,822222312,285923275,285923307,Young Road,tertiary,120.19,True
174080911_285923501_1843667400,174080911,285923501,1843667400,Carrington Parade,residential,96.83200000000002,True
"[688596929, 26234142]_285923501_2678502918","[688596929, 26234142]",285923501,2678502918,Lookout Road,trunk,235.62,True
173577937_285923542_285923664,173577937,285923542,285923664,Wickham Road,residential,33.569,True
173577937_285923542_6027609580,173577937,285923542,6027609580,Wickham Road,residential,66.478,True
173577954_285923542_1843667358,173577954,285923542,1843667358,Chiplin Street,residential,102.646,True
173577836_285923568_1843667319,173577836,285923568,1843667319,Railway Road,residential,39.475,True
173577928_285923568_1843667320,173577928,285923568,1843667320,Astbury Street,residential,332.785,True
173577836_285923579_285923587,173577836,285923579,285923587,Railway Road,residential,38.332,True
173577836_285923579_285923660,173577836,285923579,285923660,Railway Road,residential,98.494,True
173577927_285923579_1843667320,173577927,285923579,1843667320,Noela Avenue,residential,87.544,True
173577937_285923587_285923663,173577937,285923587,285923663,Wickham Road,residential,38.315,True
263171728_285923587_1843667315,263171728,285923587,1843667315,Railway Road,residential,235.699,True
"[212658680, 261166338, 30533989]_285923598_1839861589","[212658680, 261166338, 30533989]",285923598,1839861589,"['Russell Road', 'Jellicoe Parade']",residential,285.79699999999997,True
212658680_285923598_285923803,212658680,285923598,285923803,Russell Road,residential,74.805,True
329228882_285923598_367125797,329228882,285923598,367125797,Bridges Road,primary,93.819,True
329228882_285923598_1843667427,329228882,285923598,1843667427,Bridges Road,primary,100.826,True
1140387819_285923628_7013608463,1140387819,285923628,7013608463,Lambton Road,secondary,9.421,True
454125585_285923628_417729871,454125585,285923628,417729871,Alma Road,primary,43.364000000000004,True
750047501_285923628_285923813,750047501,285923628,285923813,Lambton Road,primary,51.643,True
173577845_285923652_285923655,173577845,285923652,285923655,Avondale Road,residential,55.076,True
573325156_285923652_1843667352,573325156,285923652,1843667352,Hobart Road,residential,232.525,True
35932471_285923655_2676303869,35932471,285923655,2676303869,Lambton Road,secondary,216.147,True
35932471_285923655_739712119,35932471,285923655,739712119,Lambton Road,secondary,81.67399999999999,True
173577845_285923655_285923657,173577845,285923655,285923657,Avondale Road,residential,114.013,True
173577833_285923657_1843667384,173577833,285923657,1843667384,Regent Street,residential,222.827,True
173577833_285923657_1843667319,173577833,285923657,1843667319,Regent Street,residential,226.47299999999998,True
633289762_285923657_5978163993,633289762,285923657,5978163993,Avondale Road,residential,128.397,True
173160001_285923659_5633823575,173160001,285923659,5633823575,Rugby Road,primary,104.675,True
232951376_285923659_285923726,232951376,285923659,285923726,Westcourt Road,residential,115.97200000000001,True
232951376_285923659_285923781,232951376,285923659,285923781,Westcourt Road,residential,71.26400000000001,True
"[232951369, 688568558]_285923659_1843667390","[232951369, 688568558]",285923659,1843667390,"['Alma Road', 'Rugby Road']",primary,138.367,True
173577836_285923660_1843667319,173577836,285923660,1843667319,Railway Road,residential,131.139,True
232951376_285923660_285923661,232951376,285923660,285923661,Westcourt Road,residential,150.907,True
232951376_285923661_285923669,232951376,285923661,285923669,Westcourt Road,residential,88.558,True
173577859_285923661_285923663,173577859,285923661,285923663,Gwydir Road,residential,218.72500000000002,True
173577937_285923663_285923664,173577937,285923663,285923664,Wickham Road,residential,71.673,True
173577923_285923664_285923671,173577923,285923664,285923671,Clarence Road,residential,151.557,True
232951376_285923669_5978163993,232951376,285923669,5978163993,Westcourt Road,residential,19.521,True
173577923_285923669_285923671,173577923,285923669,285923671,Clarence Road,residential,129.1,True
173577879_285923671_445402383,173577879,285923671,445402383,Baker Street,residential,116.34400000000001,True
232951376_285923726_5978163993,232951376,285923726,5978163993,Westcourt Road,residential,104.362,True
311182041_285923726_445402383,311182041,285923726,445402383,Collaroy Road,residential,206.87800000000001,True
1221729710_285923781_285923794,1221729710,285923781,285923794,Evescourt Road,residential,86.26,True
212658682_285923781_1843667405,212658682,285923781,1843667405,Russell Road,residential,123.038,True
688596913_285923781_6457621914,688596913,285923781,6457621914,Russell Road,residential,76.913,True
232951370_285923791_285923858,232951370,285923791,285923858,Cromwell Street,residential,135.964,True
235918162_285923791_1843667451,235918162,285923791,1843667451,Saint James Road,residential,167.269,True
235918162_285923791_1843667447,235918162,285923791,1843667447,Saint James Road,residential,81.708,True
1221729710_285923794_1843667424,1221729710,285923794,1843667424,Evescourt Road,residential,77.909,True
308842391_285923794_8738851430,308842391,285923794,8738851430,Victoria Street,residential,314.028,True
308842391_285923794_1843667415,308842391,285923794,1843667415,Victoria Street,residential,122.14699999999999,True
232951370_285923795_285923830,232951370,285923795,285923830,Cromwell Street,residential,102.13900000000001,True
232951370_285923795_1843667407,232951370,285923795,1843667407,Cromwell Street,residential,82.025,True
315564685_285923795_1843667415,315564685,285923795,1843667415,Victoria Street,residential,81.96499999999999,True
"[822222313, 315564685]_285923795_3216916601","[822222313, 315564685]",285923795,3216916601,Victoria Street,residential,153.052,True
232951374_285923801_285923804,232951374,285923801,285923804,Lambton Road,primary,226.343,True
232951490_285923801_7013608454,232951490,285923801,7013608454,Wallarah Road,residential,8.072,True
232951374_285923801_7013608458,232951374,285923801,7013608458,Lambton Road,primary,202.91199999999998,True
212658680_285923802_285923803,212658680,285923802,285923803,Russell Road,residential,218.354,True
212658680_285923802_1843667409,212658680,285923802,1843667409,Russell Road,residential,184.49099999999999,True
232951490_285923802_7013608454,232951490,285923802,7013608454,Wallarah Road,residential,121.194,True
173577921_285923803_7013608455,173577921,285923803,7013608455,Greta Road,residential,130.327,True
1305693408_285923804_7013608455,1305693408,285923804,7013608455,Greta Road,residential,7.778,True
1301238057_285923804_1843667393,1301238057,285923804,1843667393,Greta Road,residential,70.41199999999999,True
"[1301238058, 185078567]_285923804_6134998010","[1301238058, 185078567]",285923804,6134998010,Lambton Road,primary,175.113,True
170216209_285923805_367128376,170216209,285923805,367128376,Hobart Road,residential,39.461,True
1301238057_285923805_1843667393,1301238057,285923805,1843667393,Greta Road,residential,51.54600000000001,True
315564684_285923813_7013608458,315564684,285923813,7013608458,Royal Place,secondary,10.054,True
315564684_285923813_1843667402,315564684,285923813,1843667402,Royal Place,secondary,83.27000000000001,True
"[750042865, 750047501]_285923813_7013608454","[750042865, 750047501]",285923813,7013608454,Lambton Road,primary,203.08800000000002,True
315564683_285923815_3216916601,315564683,285923815,3216916601,,secondary,8.559,True
"[883007255, 1221729711]_285923815_285923825","[883007255, 1221729711]",285923815,285923825,Royal Street,secondary,114.721,True
1221729712_285923815_3216916599,1221729712,285923815,3216916599,,secondary,7.8260000000000005,True
303560142_285923820_285923825,303560142,285923820,285923825,Royal Street,secondary,56.423,True
303560142_285923820_285923859,303560142,285923820,285923859,Royal Street,secondary,47.812,True
195910817_285923820_2063026290,195910817,285923820,2063026290,William Street,residential,233.977,True
"[822222314, 173577831]_285923825_285923830","[822222314, 173577831]",285923825,285923830,Portland Place,residential,161.82800000000003,True
173577831_285923830_1843667428,173577831,285923830,1843667428,Portland Place,residential,82.237,True
232951370_285923830_285923858,232951370,285923830,285923858,Cromwell Street,residential,122.316,True
308842390_285923857_1843667447,308842390,285923857,1843667447,Regent Street,tertiary,169.639,True
308842389_285923857_1843667428,308842389,285923857,1843667428,Regent Street,tertiary,97.415,True
1322490625_285923857_1843667439,1322490625,285923857,1843667439,Carrington Parade,residential,121.28900000000002,True
173577852_285923858_285923859,173577852,285923858,285923859,Oxford Street,residential,162.701,True
"[822222315, 303560142]_285923859_1843667451","[822222315, 303560142]",285923859,1843667451,Royal Street,secondary,136.01399999999998,True
573325160_285923886_2608920684,573325160,285923886,2608920684,Queens Road,residential,10.604,True
173175105_285923886_1843667466,173175105,285923886,1843667466,Queens Road,residential,62.206,True
419698279_285923886_285923897,419698279,285923886,285923897,Bridges Road,primary,81.316,True
173577891_285923897_1843667466,173577891,285923897,1843667466,Musgrove Street,residential,151.134,True
419698279_285923897_285924122,419698279,285923897,285924122,Bridges Road,primary,61.824,True
255164744_1843667444_2063026290,255164744,1843667444,2063026290,Bridges Road,primary,16.487,True
"[235918160, 235918154]_285923927_285924033","[235918160, 235918154]",285923927,285924033,"['Freyberg Street', 'Knight Street']",residential,172.124,True
235918160_285923927_1843667517,235918160,285923927,1843667517,Freyberg Street,residential,261.12899999999996,True
535205172_285923927_1843667503,535205172,285923927,1843667503,Birdwood Street,residential,241.10199999999998,True
415483041_285923942_1840020223,415483041,285923942,1840020223,Orchardtown Road,tertiary,25.527,True
173174988_285923942_1840020227,173174988,285923942,1840020227,Blamey Avenue,residential,18.015,True
"[415483041, 1221729709]_285923942_8975857810","[415483041, 1221729709]",285923942,8975857810,Orchardtown Road,tertiary,101.35199999999999,True
173577907_285923984_1843667495,173577907,285923984,1843667495,Jean Street,residential,12.009,True
173577850_285923984_1843667508,173577850,285923984,1843667508,Roslyn Street,residential,151.37,True
173577907_285923984_1843667499,173577907,285923984,1843667499,Jean Street,residential,111.536,True
235918154_285924033_285924037,235918154,285924033,285924037,Knight Street,residential,198.178,True
"[173577875, 235918158]_285924033_1843667502","[173577875, 235918158]",285924033,1843667502,"['Nelson Street', 'Rudge Street']",residential,299.205,True
173577918_285924037_1843667502,173577918,285924037,1843667502,Rydal Street,residential,93.275,True
173577918_285924037_1843667498,173577918,285924037,1843667498,Rydal Street,residential,92.473,True
1322490620_285924037_1843667490,1322490620,285924037,1843667490,Knight Street,residential,93.421,True
173577868_285924122_2608920685,173577868,285924122,2608920685,Henley Street,residential,10.2,True
173577868_285924122_1843667490,173577868,285924122,1843667490,Henley Street,residential,264.859,True
419698279_285924122_1843667504,419698279,285924122,1843667504,Bridges Road,primary,101.056,True
"[918532440, 611263071]_286098496_903719290","[918532440, 611263071]",286098496,903719290,Park Avenue,secondary,45.184,True
918257318_286098496_8528284071,918257318,286098496,8528284071,Dibbs Street,residential,19.824,True
580178234_286098496_8528284074,580178234,286098496,8528284074,Park Avenue,secondary,7.259,True
173577901_286118915_286119557,173577901,286118915,286119557,Longworth Avenue,residential,9.453,True
"[173577899, 212658676]_286118915_1843667460","[173577899, 212658676]",286118915,1843667460,Poitrel Street,residential,186.45,True
173577901_286118915_1843667444,173577901,286118915,1843667444,Longworth Avenue,residential,121.724,True
158620850_286118925_769203705,158620850,286118925,769203705,Bala Road,residential,60.37,True
158620850_286118925_286119794,158620850,286118925,286119794,Bala Road,residential,127.10199999999999,True
212152656_286118925_769203723,212152656,286118925,769203723,Teralba Road,residential,70.818,True
173577900_286118933_1843667491,173577900,286118933,1843667491,Errington Avenue,residential,102.99000000000001,True
"[418259545, 611263082]_286118933_1843667476","[418259545, 611263082]",286118933,1843667476,Saint James Road,secondary,261.843,True
173159998_286118961_2063026294,173159998,286118961,2063026294,Sketchley Parade,residential,43.644000000000005,True
261166338_286118961_2063026286,261166338,286118961,2063026286,Jellicoe Parade,residential,104.62,True
"[132077776, 261166340, 132077775]_286118961_6137125727","[132077776, 261166340, 132077775]",286118961,6137125727,"['Mackie Avenue', 'Sketchley Parade']",residential,317.252,True
173160027_286118983_286119087,173160027,286118983,286119087,Mandalong Road,residential,91.935,True
"[173160027, 25027079]_286118983_286119016","[173160027, 25027079]",286118983,286119016,"['Bryant Street', 'Mandalong Road']",residential,95.232,True
"[173159987, 200702395]_286118983_1839861619","[173159987, 200702395]",286118983,1839861619,Gosford Road,residential,290.05,True
202062390_286119006_1839861581,202062390,286119006,1839861581,Newton Street,residential,46.193,True
173160024_286119006_1839861571,173160024,286119006,1839861571,Lang Road,residential,143.983,True
"[173160040, 822222318, 202062390]_286119006_1839861575","[173160040, 822222318, 202062390]",286119006,1839861575,"['Newton Street', 'Cameron Street']",residential,311.316,True
"[571751019, 26102262]_286119016_5494239660","[571751019, 26102262]",286119016,5494239660,Morgan Street,residential,300.574,True
"[688568538, 170545516]_286119052_362011394","[688568538, 170545516]",286119052,362011394,Saint James Road,secondary,109.505,True
"[132077776, 261166339]_286119052_6137125727","[132077776, 261166339]",286119052,6137125727,Mackie Avenue,residential,258.48699999999997,True
173160031_286119087_286119679,173160031,286119087,286119679,Narara Road,residential,335.743,True
173159998_286119396_2063026294,173159998,286119396,2063026294,Sketchley Parade,residential,102.417,True
173577854_286119396_286119557,173577854,286119396,286119557,Lille Street,residential,175.032,True
173159998_286119396_2063026250,173159998,286119396,2063026250,Sketchley Parade,residential,180.34099999999998,True
173159999_286119437_286119679,173159999,286119437,286119679,Kyle Road,residential,71.08,True
61405537_286119513_286119794,61405537,286119513,286119794,Brunker Road,secondary,85.636,True
32656222_286119531_1862834363,32656222,286119531,1862834363,Perth Road,residential,207.041,True
173577901_286119541_1843667458,173577901,286119541,1843667458,Longworth Avenue,residential,39.504,True
173577901_286119541_286119557,173577901,286119541,286119557,Longworth Avenue,residential,92.709,True
173577853_286119541_2063026294,173577853,286119541,2063026294,Meadow Road,residential,210.329,True
173160008_286119551_286119840,173160008,286119551,286119840,Evans Road,residential,110.964,True
175721904_286119577_367125594,175721904,286119577,367125594,Bavin Street,residential,16.451,True
"[688558142, 688558141, 688558150]_286119577_1839861576","[688558142, 688558141, 688558150]",286119577,1839861576,Lambton Road,primary,244.15099999999998,True
688558151_286119577_1967667746,688558151,286119577,1967667746,Lambton Road,primary,73.975,True
173159999_286119679_1839861619,173159999,286119679,1839861619,Kyle Road,residential,49.392,True
212152656_286119840_769203723,212152656,286119840,769203723,Teralba Road,residential,91.712,True
212152656_286119840_769203720,212152656,286119840,769203720,Teralba Road,residential,76.85300000000001,True
32656230_287003447_367126633,32656230,287003447,367126633,Brown Road,unclassified,20.229,True
32656230_287003447_337354167,32656230,287003447,337354167,Brown Road,unclassified,136.74,True
"[229043984, 32656228, 688558149]_287003447_1967667746","[229043984, 32656228, 688558149]",287003447,1967667746,"['Australia Road', 'Tara Road']",unclassified,202.707,True
443969298_337344521_337344524,443969298,337344521,337344524,Hobart Road,residential,55.868,True
32659066_337344524_337344529,32659066,337344524,337344529,Hobart Road,residential,20.084,True
443969298_337344524_367128369,443969298,337344524,367128369,Hobart Road,residential,118.88300000000001,True
1301238056_337344529_6134998010,1301238056,337344529,6134998010,Hobart Road,residential,47.093999999999994,True
"[688558165, 883623375]_337354143_3743489802","[688558165, 883623375]",337354143,3743489802,Lambton Road,primary,66.176,True
378378889_337354143_367126917,378378889,337354143,367126917,Lambton Road,primary,61.03699999999999,True
30534322_337354167_3743489802,30534322,337354167,3743489802,Brown Road,unclassified,35.978,True
"[584721976, 76700930, 279115684, 584721973]_355007422_12038672027","[584721976, 76700930, 279115684, 584721973]",355007422,12038672027,Park Avenue,secondary,173.14399999999995,True
1299638356_355007422_12038672642,1299638356,355007422,12038672642,,secondary_link,45.895,True
1299638357_355007422_12038672648,1299638357,355007422,12038672648,,secondary_link,45.925,True
261321509_355013031_1843667522,261321509,355013031,1843667522,Court Street,residential,204.191,True
212152656_355013052_1436939673,212152656,355013052,1436939673,Teralba Road,residential,226.37599999999998,True
212152656_355013052_769203760,212152656,355013052,769203760,Teralba Road,residential,40.702,True
32009871_359020680_359020704,32009871,359020680,359020704,,primary_link,84.921,True
490457968_359020680_362011404,490457968,359020680,362011404,Turton Road,primary,72.992,True
"[688597073, 784820850]_359020680_1839861548","[688597073, 784820850]",359020680,1839861548,Turton Road,primary,269.347,True
"[688558134, 688558135]_359020704_1839861568","[688558134, 688558135]",359020704,1839861568,Lambton Road,primary,95.541,True
332381297_359020704_362011404,332381297,359020704,362011404,Lambton Road,primary,49.897999999999996,True
"[170545514, 173159982]_362011394_1843667522","[170545514, 173159982]",362011394,1843667522,"['Glebe Road', 'Saint James Road']",secondary,127.798,True
"[232951011, 173160045]_362011394_1839861581","[232951011, 173160045]",362011394,1839861581,Kings Road,residential,1000.7850000000002,True
173577944_362011394_1843667533,173577944,362011394,1843667533,Kings Road,residential,377.11499999999995,True
298242850_362011404_1839861567,298242850,362011404,1839861567,Bridges Road,primary,13.347,True
332381299_362011404_1839861563,332381299,362011404,1839861563,Lambton Road,primary,16.349,True
"[175721904, 32656222]_367125594_1862834363","[175721904, 32656222]",367125594,1862834363,"['Bavin Street', 'Perth Road']",residential,313.556,True
573325162_367125594_2608920679,573325162,367125594,2608920679,Lambton Road,primary,73.477,True
"[688558146, 688558147, 688558156, 688558154]_367125594_367125595","[688558146, 688558147, 688558156, 688558154]",367125594,367125595,Lambton Road,primary,244.478,True
175721903_367125595_1839861576,175721903,367125595,1839861576,Bronte Road,residential,16.401,True
175721903_367125595_1862834363,175721903,367125595,1862834363,Bronte Road,residential,72.464,True
688558145_367125595_1839861574,688558145,367125595,1839861574,Lambton Road,primary,33.402,True
490457969_367125797_1956536856,490457969,367125797,1956536856,Bridges Road,primary,37.322,True
332381293_367125797_1956532188,332381293,367125797,1956532188,Bridges Road,primary,86.98400000000001,True
30534322_367126917_3743489802,30534322,367126917,3743489802,Brown Road,unclassified,12.756,True
"[688558161, 378378890]_367126917_1839861577","[688558161, 378378890]",367126917,1839861577,Lambton Road,primary,91.033,True
32656495_367128369_367128370,32656495,367128369,367128370,Hobart Road,residential,99.709,True
443969300_367128370_367128376,443969300,367128370,367128376,Hitchcock Avenue,residential,13.441,True
32656495_367128370_367128371,32656495,367128370,367128371,Hobart Road,residential,81.24799999999999,True
443969301_367128371_4414732069,443969301,367128371,4414732069,Henderson Street,residential,12.175,True
170216209_367128376_4414732069,170216209,367128376,4414732069,Hobart Road,residential,80.627,True
32802805_369643079_1840020223,32802805,369643079,1840020223,Myra Street,residential,127.52199999999999,True
34109940_390998555_390998746,34109940,390998555,390998746,Hall Street,residential,103.969,True
454125586_417729871_4507476245,454125586,417729871,4507476245,Alma Road,primary,12.52,True
173577915_417729871_4507476246,173577915,417729871,4507476246,Cromwell Street,residential,19.095,True
888013810_417729871_7013608463,888013810,417729871,7013608463,Lambton Road,primary,43.214,True
"[254775210, 271353530, 271353531]_419517731_8528284071","[254775210, 271353530, 271353531]",419517731,8528284071,"['Dibbs Street', 'Fletcher Street', 'Gow Street']",residential,320.179,True
"[254775203, 580178229]_419517731_903719290","[254775203, 580178229]",419517731,903719290,Park Avenue,residential,81.68900000000001,True
173577938_419735094_1843667429,173577938,419735094,1843667429,Victoria Street,residential,215.767,True
"[308842392, 822222316]_419735094_3216916599","[308842392, 822222316]",419735094,3216916599,Victoria Street,residential,154.963,True
"[173577872, 822222317]_419735094_3360641419","[173577872, 822222317]",419735094,3360641419,Burke Street,residential,201.63899999999998,True
654905173_445402383_6136668216,654905173,445402383,6136668216,Collaroy Road,residential,8.597,True
173577879_445402383_1843667396,173577879,445402383,1843667396,Baker Street,residential,111.003,True
59632953_739711945_739712119,59632953,739711945,739712119,Hobart Road,residential,28.71,True
61731601_769203719_769203720,61731601,769203719,769203720,Dora Road,residential,49.708,True
212152656_769203720_769203760,212152656,769203720,769203760,Teralba Road,residential,222.403,True
61731603_769203722_769203723,61731603,769203722,769203723,Hay Road,residential,65.894,True
61731611_769203760_769203761,61731611,769203760,769203761,Olney Road,residential,74.55199999999999,True
"[419698283, 580178239]_903719287_903719288","[419698283, 580178239]",903719287,903719288,Park Avenue,secondary,73.327,True
530744668_903719288_903719325,530744668,903719288,903719325,Northcott Drive,primary,11.831,True
580178236_903719288_903719305,580178236,903719288,903719305,Park Avenue,secondary,12.431,True
"[415483032, 731235025, 530744667]_903719288_1453639332","[415483032, 731235025, 530744667]",903719288,1453639332,Northcott Drive,primary,208.767,True
"[611263089, 419698282, 327527401]_903719305_1453639318","[611263089, 419698282, 327527401]",903719305,1453639318,Northcott Drive,primary,205.83499999999998,True
419698284_903719305_903719337,419698284,903719305,903719337,Northcott Drive,primary,11.917,True
"[419698286, 530744669, 1139092853, 530744670]_903719305_2659075988","[419698286, 530744669, 1139092853, 530744670]",903719305,2659075988,Park Avenue,secondary,296.504,True
419698303_903719322_2659075988,419698303,903719322,2659075988,Park Avenue,secondary,146.42100000000002,True
"[1299638098, 530744674]_903719322_11548130693","[1299638098, 530744674]",903719322,11548130693,Kullaiba Road,unclassified,95.621,True
1299688736_903719322_12038672027,1299688736,903719322,12038672027,Park Avenue,secondary,7.191,True
418259552_903719325_903719337,418259552,903719325,903719337,Park Avenue,secondary,13.415,True
"[792011474, 1139092850, 1139092851, 1322033078, 1322033080, 472269082, 418259551]_903719325_2692248523","[792011474, 1139092850, 1139092851, 1322033078, 1322033080, 472269082, 418259551]",903719325,2692248523,Northcott Drive,primary,508.837,True
"[22882184, 688568561]_939119128_1843667509","[22882184, 688568561]",939119128,1843667509,Bridges Road,primary,266.285,True
419698281_939119128_2676461902,419698281,939119128,2676461902,,primary,23.702,True
904926011_939119128_7095701989,904926011,939119128,7095701989,,primary,4.276,True
446614996_1436939673_2375001656,446614996,1436939673,2375001656,Glebe Road,secondary,60.922,True
"[1319960202, 130457261]_1436939674_1436939676","[1319960202, 130457261]",1436939674,1436939676,Victoria Street,residential,128.441,True
200537744_1436939674_2375001658,200537744,1436939674,2375001658,Wood Street,residential,114.793,True
26102250_1436939676_2375001656,26102250,1436939676,2375001656,Bourke Street,residential,116.985,True
731235027_1453639318_2658893219,731235027,1453639318,2658893219,Kullaiba Road,unclassified,163.60899999999998,True
415483030_1453639318_1453639332,415483030,1453639318,1453639332,Kullaiba Road,unclassified,11.47,True
"[731235024, 418259550]_1453639332_2659023478","[731235024, 418259550]",1453639332,2659023478,Northcott Drive,primary,111.441,True
"[326904440, 688597069]_1839861538_1839861548","[326904440, 688597069]",1839861538,1839861548,Turton Road,primary,231.202,True
822222309_1839861547_1839861548,822222309,1839861547,1839861548,Monash Road,residential,11.936,True
784818801_1839861547_1839861553,784818801,1839861547,1839861553,Turton Road,primary,155.102,True
"[784818800, 784818801]_1839861553_1839861560","[784818800, 784818801]",1839861553,1839861560,Turton Road,primary,148.337,True
332381305_1839861560_1839861563,332381305,1839861560,1839861563,Turton Road,primary,41.163,True
185078369_1839861560_6134998010,185078369,1839861560,6134998010,,primary_link,80.063,True
305981295_1839861563_1839861566,305981295,1839861563,1839861566,Turton Road,primary,13.039,True
688568564_1839861563_6134998010,688568564,1839861563,6134998010,Lambton Road,primary,47.121,True
32656494_1839861566_1956536838,32656494,1839861566,1956536838,Lambton Road,primary,62.829,True
332381298_1839861566_1839861567,332381298,1839861566,1839861567,Lambton Road,primary,16.168,True
291023334_1839861566_1956536856,291023334,1839861566,1956536856,Bridges Road,primary,66.456,True
784818802_1839861567_1956532188,784818802,1839861567,1956532188,Bridges Road,primary,28.910000000000004,True
573325149_1839861567_1956536851,573325149,1839861567,1956536851,Lambton Road,primary,43.5,True
173160024_1839861568_1839861571,173160024,1839861568,1839861571,Lang Road,residential,16.305,True
"[688558144, 688558139, 688558143]_1839861568_1839861574","[688558144, 688558139, 688558143]",1839861568,1839861574,Lambton Road,primary,159.469,True
688558136_1839861571_1956536851,688558136,1839861571,1956536851,Lambton Road,primary,108.409,True
"[688558137, 688558138, 688558140]_1839861571_1839861575","[688558137, 688558138, 688558140]",1839861571,1839861575,Lambton Road,primary,160.621,True
1322373483_1839861573_1839861577,1322373483,1839861573,1839861577,Curley Road,tertiary,67.61,True
173160040_1839861574_1839861575,173160040,1839861574,1839861575,Cameron Street,residential,16.309,True
688558140_1839861575_1839861576,688558140,1839861575,1839861576,Lambton Road,primary,32.635,True
573325148_1839861577_3743489799,573325148,1839861577,3743489799,Curley Road,tertiary,14.377,True
"[688558153, 573325151]_1839861577_2608920679","[688558153, 573325151]",1839861577,2608920679,Lambton Road,primary,77.252,True
202062390_1839861581_2120440767,202062390,1839861581,2120440767,Newton Street,residential,78.839,True
261166338_1839861589_2063026286,261166338,1839861589,2063026286,Jellicoe Parade,residential,104.734,True
173159996_1839861589_1843667427,173159996,1839861589,1843667427,Glossop Street,residential,217.63699999999997,True
446614997_1839861628_4572931369,446614997,1839861628,4572931369,Glebe Road,secondary,36.787,True
173175072_1840020219_1840020227,173175072,1840020219,1840020227,Orchardtown Road,residential,34.449,True
415483041_1840020223_1843667517,415483041,1840020223,1843667517,Orchardtown Road,tertiary,55.547000000000004,True
"[235918155, 173174988]_1840020227_1843667514","[235918155, 173174988]",1840020227,1843667514,"['Blamey Avenue', 'Aldyth Street']",residential,259.001,True
173175072_1840020227_1840020232,173175072,1840020227,1840020232,Orchardtown Road,residential,82.672,True
173174974_1840020232_1843667530,173174974,1840020232,1843667530,Dunkley Avenue,residential,188.75,True
173175072_1840020232_1840020240,173175072,1840020232,1840020240,Orchardtown Road,residential,30.034,True
173175087_1840020256_1843667515,173175087,1840020256,1843667515,Penman Street,residential,385.12899999999996,True
"[26150776, 472269078, 446614030]_1840020256_2659023478","[26150776, 472269078, 446614030]",1840020256,2659023478,Northcott Drive,primary,290.252,True
472269078_1840020256_8172070487,472269078,1840020256,8172070487,Northcott Drive,primary,84.725,True
173174999_1840020259_1840020271,173174999,1840020259,1840020271,Ball Street,residential,88.222,True
173175033_1840020259_4364680700,173175033,1840020259,4364680700,Freeman Street,residential,72.671,True
173175036_1840020267_1843667521,173175036,1840020267,1843667521,Fairfield Avenue,residential,295.023,True
173175096_1840020273_12446969783,173175096,1840020273,12446969783,Fay Avenue,residential,161.306,True
173175083_1840020278_1840020291,173175083,1840020278,1840020291,Aldyth Street,residential,93.299,True
655868220_1840020278_6144518511,655868220,1840020278,6144518511,Woodlands Avenue,residential,225.018,True
244673314_1840020279_1840020292,244673314,1840020279,1840020292,Allan Street,residential,193.103,True
173175086_1840020284_1840020286,173175086,1840020284,1840020286,Eighth Street,residential,81.737,True
173175099_1840020291_1840020314,173175099,1840020291,1840020314,Meredith Street,residential,301.88,True
415483046_1840020292_1840020314,415483046,1840020292,1840020314,Grinsell Street,residential,438.793,True
461776404_1840020314_1840020315,461776404,1840020314,1840020315,Grinsell Street,residential,33.918,True
200856992_1840020316_1840020331,200856992,1840020316,1840020331,Garden Grove Parade,residential,120.061,True
"[688597056, 1324283252]_1843582760_1843582800","[688597056, 1324283252]",1843582760,1843582800,Turton Road,primary,84.09599999999999,True
380684833_1843667257_1843667280,380684833,1843667257,1843667280,Durham Road,tertiary,251.49299999999997,True
"[383586691, 822222311]_1843667257_1843667295","[383586691, 822222311]",1843667257,1843667295,"['Karoola Road', 'Womboin Road']",residential,395.32599999999996,True
185076116_1843667258_4277621979,185076116,1843667258,4277621979,Durham Road,residential,2.437,True
173577876_1843667262_1843667290,173577876,1843667262,1843667290,Dan Close,residential,73.025,True
428676272_1843667295_4277621979,428676272,1843667295,4277621979,Orlando Road,residential,134.817,True
173577927_1843667298_1843667320,173577927,1843667298,1843667320,Noela Avenue,residential,82.538,True
"[654742103, 173577927]_1843667298_1843667298","[654742103, 173577927]",1843667298,1843667298,Noela Avenue,residential,94.07699999999998,True
"[173577927, 654742103]_1843667298_1843667298","[173577927, 654742103]",1843667298,1843667298,Noela Avenue,residential,94.077,True
173577924_1843667312_1843667315,173577924,1843667312,1843667315,Hawkins Street,residential,33.749,True
173577924_1843667315_1843667358,173577924,1843667315,1843667358,Hawkins Street,residential,252.826,True
173577848_1843667344_1843667366,173577848,1843667344,1843667366,Tauranga Road,unclassified,98.111,True
173577954_1843667346_1843667350,173577954,1843667346,1843667350,Chiplin Street,residential,51.552,True
263171730_1843667346_1843667368,263171730,1843667346,1843667368,Florida Avenue,residential,172.38399999999996,True
173577954_1843667350_1843667358,173577954,1843667350,1843667358,Chiplin Street,residential,51.815,True
263171729_1843667350_1843667369,263171729,1843667350,1843667369,Mirral Crescent,residential,106.46,True
173577843_1843667352_2676303872,173577843,1843667352,2676303872,Rugby Road,residential,118.46700000000001,True
788303537_1843667352_1843667366,788303537,1843667352,1843667366,Hobart Road,residential,65.862,True
173577924_1843667358_1843667380,173577924,1843667358,1843667380,Hawkins Street,residential,77.65,True
173577867_1843667366_1843667382,173577867,1843667366,1843667382,Taragna Road,unclassified,101.29,True
263171729_1843667368_1843667369,263171729,1843667368,1843667369,Mirral Crescent,residential,121.023,True
263171727_1843667369_2688005561,263171727,1843667369,2688005561,Adina Place,residential,38.491,True
1308574128_1843667382_7013608464,1308574128,1843667382,7013608464,Taragna Road,unclassified,82.492,True
173577833_1843667384_1843667390,173577833,1843667384,1843667390,Regent Street,residential,50.137,True
454126461_1843667384_2676303887,454126461,1843667384,2676303887,Rugby Road,residential,114.414,True
308866812_1843667386_1843667398,308866812,1843667386,1843667398,Brett Street,residential,105.39800000000001,True
"[688596914, 688596916]_1843667386_2678502916","[688596914, 688596916]",1843667386,2678502916,Russell Road,primary,192.588,True
"[688596915, 173577838]_1843667386_1843667394","[688596915, 173577838]",1843667386,1843667394,Russell Road,primary,290.35999999999996,True
232951008_1843667390_1843667405,232951008,1843667390,1843667405,Regent Street,tertiary,126.028,True
688568554_1843667390_4507476245,688568554,1843667390,4507476245,Alma Road,primary,113.035,True
173577838_1843667394_1843667396,173577838,1843667394,1843667396,Russell Road,primary,170.573,True
173577900_1843667491_6137125728,173577900,1843667491,6137125728,Errington Avenue,residential,115.066,True
173577937_1843667394_6027609579,173577937,1843667394,6027609579,Wickham Road,residential,114.99900000000001,True
"[173160001, 173577838]_1843667396_5633823575","[173160001, 173577838]",1843667396,5633823575,"['Russell Road', 'Rugby Road']",primary,186.906,True
173577869_1843667398_1843667414,173577869,1843667398,1843667414,Brett Street,residential,121.94,True
"[256663937, 232951371]_1843667398_1843667400","[256663937, 232951371]",1843667398,1843667400,"['Croudace Street', 'Curzon Road']",residential,317.82599999999996,True
308866814_1843667398_3141573806,308866814,1843667398,3141573806,Curzon Road,residential,567.65,True
173577920_1843667400_1843667414,173577920,1843667400,1843667414,Carrington Parade,residential,212.817,True
315564684_1843667402_1843667409,315564684,1843667402,1843667409,Royal Place,secondary,39.47,True
311182043_1843667402_1843667408,311182043,1843667402,1843667408,Russell Road,residential,50.62100000000001,True
212658682_1843667405_1843667407,212658682,1843667405,1843667407,Russell Road,residential,83.43299999999999,True
232951375_1843667405_1843667415,232951375,1843667405,1843667415,Regent Street,tertiary,82.16600000000001,True
212658682_1843667407_1843667408,212658682,1843667407,1843667408,Russell Road,residential,92.98599999999999,True
454125587_1843667407_4507476246,454125587,1843667407,4507476246,Cromwell Street,residential,115.14899999999999,True
311182042_1843667408_1843667409,311182042,1843667408,1843667409,Russell Road,residential,54.49,True
607730836_1843667409_3216916600,607730836,1843667409,3216916600,Royal Street,secondary,97.83099999999999,True
308866813_1843667414_1843667431,308866813,1843667414,1843667431,Carrington Parade,residential,321.47,True
308842389_1843667415_1843667428,308842389,1843667415,1843667428,Regent Street,tertiary,93.17500000000001,True
173577831_1843667424_1843667428,173577831,1843667424,1843667428,Portland Place,residential,121.427,True
443249881_1843667424_1843667424,443249881,1843667424,1843667424,Portland Place,residential,429.475,True
535205971_1843667424_1843667439,535205971,1843667424,1843667439,Evescourt Road,residential,123.899,True
329228882_1843667427_1843667429,329228882,1843667427,1843667429,Bridges Road,primary,34.653,True
1221729713_1843667429_2063026231,1221729713,1843667429,2063026231,Bridges Road,primary,73.308,True
173577863_1843667433_1843667434,173577863,1843667433,1843667434,Carrington Parade,residential,82.17200000000001,True
308866505_1843667434_3141573806,308866505,1843667434,3141573806,Curzon Road,residential,56.202000000000005,True
308842388_1843667434_3141573810,308842388,1843667434,3141573810,Carrington Parade,residential,80.594,True
173577837_1843667439_1843667441,173577837,1843667439,1843667441,Evescourt Road,residential,50.892,True
308866504_1843667439_3141573810,308866504,1843667439,3141573810,Carrington Parade,residential,131.811,True
232951372_1843667440_1843667441,232951372,1843667440,1843667441,Addison Road,residential,116.989,True
232951377_1843667440_1843667443,232951377,1843667440,1843667443,Addison Road,residential,283.296,True
173577837_1843667441_1843667445,173577837,1843667441,1843667445,Evescourt Road,residential,105.97099999999999,True
232951378_1843667442_1843667443,232951378,1843667442,1843667443,Addison Road,residential,109.788,True
173577837_1843667445_1843667469,173577837,1843667445,1843667469,Evescourt Road,residential,271.093,True
173577948_1843667445_1843667449,173577948,1843667445,1843667449,Saint James Road,residential,150.46,True
235918162_1843667445_1843667447,235918162,1843667445,1843667447,Saint James Road,residential,120.682,True
308842390_1843667447_1843667454,308842390,1843667447,1843667454,Regent Street,tertiary,120.99,True
173577870_1843667449_1843667467,173577870,1843667449,1843667467,High Street,residential,207.134,True
173577948_1843667449_5096777787,173577948,1843667449,5096777787,Saint James Road,residential,215.149,True
173577887_1843667454_1843667466,173577887,1843667454,1843667466,Fleet Street,residential,318.811,True
308842390_1843667454_1843667471,308842390,1843667454,1843667471,Regent Street,tertiary,136.392,True
173577948_1843667456_5096777787,173577948,1843667456,5096777787,Saint James Road,residential,182.54999999999998,True
212658676_1843667460_1843667465,212658676,1843667460,1843667465,Poitrel Street,residential,64.12,True
173577840_1843667460_1843667476,173577840,1843667460,1843667476,Saint Georges Road,residential,174.951,True
173577900_1843667461_1843667475,173577900,1843667461,1843667475,Errington Avenue,residential,97.563,True
535205166_1843667464_1843667467,535205166,1843667464,1843667467,Queens Road,tertiary,71.63,True
235918156_1843667464_1843667488,235918156,1843667464,1843667488,Orchardtown Road,tertiary,128.382,True
794204305_1843667464_1843667473,794204305,1843667464,1843667473,Queens Road,residential,250.48899999999998,True
173175105_1843667466_1843667471,173175105,1843667466,1843667471,Queens Road,residential,307.031,True
535205166_1843667467_1843667469,535205166,1843667467,1843667469,Queens Road,tertiary,121.699,True
535205169_1843667469_1843667470,535205169,1843667469,1843667470,Queens Road,tertiary,68.519,True
788303536_1843667470_1843667471,788303536,1843667470,1843667471,Queens Road,tertiary,51.685,True
235918161_1843667470_1843667484,235918161,1843667470,1843667484,Birdwood Street,residential,98.189,True
173577844_1843667472_1843667475,173577844,1843667472,1843667475,Warren Avenue,residential,71.67,True
235918155_1843667473_1843667492,235918155,1843667473,1843667492,Aldyth Street,residential,136.618,True
"[235918160, 794204305, 235918159]_1843667473_1843667514","[235918160, 794204305, 235918159]",1843667473,1843667514,"['Freyberg Street', 'Queens Road', 'Mahogany Drive']",residential,549.674,True
173577900_1843667475_6137125728,173577900,1843667475,6137125728,Errington Avenue,residential,19.385,True
173577866_1843667478_1843667491,173577866,1843667478,1843667491,Bennett Avenue,residential,130.75799999999998,True
173577878_1843667480_1843667484,173577878,1843667480,1843667484,Rosann Close,residential,107.86300000000001,True
235918161_1843667484_1843667487,235918161,1843667484,1843667487,Birdwood Street,residential,8.084,True
173577868_1843667487_1843667490,173577868,1843667487,1843667490,Henley Street,residential,91.65,True
235918161_1843667487_1843667493,235918161,1843667487,1843667493,Birdwood Street,residential,54.567,True
173577903_1843667488_1843667493,173577903,1843667488,1843667493,Watson Street,residential,262.716,True
235918156_1843667488_1843667496,235918156,1843667488,1843667496,Orchardtown Road,tertiary,82.705,True
173577903_1843667488_1843667495,173577903,1843667488,1843667495,Watson Street,residential,209.22899999999998,True
173577907_1843667492_1843667495,173577907,1843667492,1843667495,Jean Street,residential,88.118,True
235918155_1843667492_1843667506,235918155,1843667492,1843667506,Aldyth Street,residential,152.981,True
235918161_1843667493_1843667498,235918161,1843667493,1843667498,Birdwood Street,residential,39.086,True
173577858_1843667496_1843667503,173577858,1843667496,1843667503,Jean Street,residential,262.079,True
235918156_1843667496_1843667499,235918156,1843667496,1843667499,Orchardtown Road,tertiary,8.293,True
535205172_1843667498_1843667503,535205172,1843667498,1843667503,Birdwood Street,residential,39.874,True
235918156_1843667499_5325137595,235918156,1843667499,5325137595,Orchardtown Road,tertiary,149.993,True
"[535205180, 173577918]_1843667502_1843667504","[535205180, 173577918]",1843667502,1843667504,Rydal Street,residential,144.18200000000002,True
419698279_1843667504_1843667509,419698279,1843667504,1843667509,Bridges Road,primary,86.899,True
173577874_1843667506_1843667508,173577874,1843667506,1843667508,Hooper Street,residential,98.979,True
235918155_1843667506_1843667514,235918155,1843667506,1843667514,Aldyth Street,residential,79.173,True
173577874_1843667508_5325137595,173577874,1843667508,5325137595,Hooper Street,residential,112.411,True
173577871_1843667509_2608920687,173577871,1843667509,2608920687,Moonbi Street,residential,12.465,True
235918160_1843667514_1843667517,235918160,1843667514,1843667517,Freyberg Street,residential,211.342,True
418259549_1843667515_1843667521,418259549,1843667515,1843667521,Moonbi Street,residential,82.819,True
418259549_1843667515_2608920687,418259549,1843667515,2608920687,Moonbi Street,residential,121.02099999999999,True
235918156_1843667517_5325137595,235918156,1843667517,5325137595,Orchardtown Road,tertiary,81.973,True
261167310_1843667522_2375001658,261167310,1843667522,2375001658,Glebe Road,secondary,59.16,True
173577862_1843667527_1843667530,173577862,1843667527,1843667530,Aldyth Street,residential,37.275,True
173174974_1843667528_1843667530,173174974,1843667528,1843667530,Dunkley Avenue,residential,56.462,True
173577862_1843667530_1843667532,173577862,1843667530,1843667532,Aldyth Street,residential,57.784,True
173577860_1843667531_1843667533,173577860,1843667531,1843667533,Cross Street,residential,73.37,True
173577860_1843667533_1843667534,173577860,1843667533,1843667534,Cross Street,residential,65.778,True
173577944_1843667533_1843667536,173577944,1843667533,1843667536,Kings Road,residential,131.074,True
"[446496257, 446496258, 674457451, 449023638]_1869447615_2643520648","[446496257, 446496258, 674457451, 449023638]",1869447615,2643520648,Carnley Avenue,secondary,775.6349999999999,True
"[260411876, 446614028]_1926352191_2519676283","[260411876, 446614028]",1926352191,2519676283,Bradford Close,unclassified,195.66699999999997,True
"[749106949, 327527400, 446614029, 611263088, 688568563]_1926352191_7095701987","[749106949, 327527400, 446614029, 611263088, 688568563]",1926352191,7095701987,Northcott Drive,primary,368.09600000000006,True
182288606_1926352191_2659023478,182288606,1926352191,2659023478,Bradford Close,unclassified,10.319,True
185078368_1956532188_1956536851,185078368,1956532188,1956536851,,primary_link,66.583,True
"[750042866, 750042867]_1956536838_7013608455","[750042866, 750042867]",1956536838,7013608455,Lambton Road,primary,153.698,True
185078370_1956536838_1956536856,185078370,1956536838,1956536856,,primary_link,68.469,True
32656228_1967667746_2608920679,32656228,1967667746,2608920679,Australia Road,unclassified,16.097,True
688558152_1967667746_3743489799,688558152,1967667746,3743489799,Lambton Road,primary,77.165,True
195910775_2063026231_2063026286,195910775,2063026231,2063026286,Sturdee Street,residential,285.17499999999995,True
255164744_2063026250_2063026290,255164744,2063026250,2063026290,Bridges Road,primary,97.23800000000001,True
418259544_2063026250_11265816234,418259544,2063026250,11265816234,Bridges Road,primary,16.637,True
"[446614996, 261167310]_2375001656_2375001658","[446614996, 261167310]",2375001656,2375001658,Glebe Road,secondary,128.472,True
255164746_2608920684_2608920685,255164746,2608920684,2608920685,Bridges Road,primary,138.909,True
255164746_2608920685_2608920687,255164746,2608920685,2608920687,Bridges Road,primary,190.53199999999998,True
"[688568562, 418259548]_2608920687_2676461902","[688568562, 418259548]",2608920687,2676461902,Bridges Road,primary,265.584,True
688568559_2643520648_8975857811,688568559,2643520648,8975857811,Carnley Avenue,secondary,26.488,True
688568560_2643520648_8975857810,688568560,2643520648,8975857810,Orchardtown Road,tertiary,25.98,True
"[415483043, 688568541, 1345398646]_2643520648_12446969779","[415483043, 688568541, 1345398646]",2643520648,12446969779,Orchardtown Road,residential,109.95400000000001,True
26102270_2658879567_10130363628,26102270,2658879567,10130363628,,secondary,10.965999999999998,True
920065628_2658879567_8386558649,920065628,2658879567,8386558649,Bailey Street,residential,23.253999999999998,True
26102270_2658879567_3336072234,26102270,2658879567,3336072234,,secondary,10.745000000000001,True
480999465_2658893207_2658893219,480999465,2658893207,2658893219,Kullaiba Road,unclassified,6.083,True
480999475_2658893207_3488644760,480999475,2658893207,3488644760,Kullaiba Road,unclassified,26.987,True
"[904926012, 36094263]_2658893219_4599113410","[904926012, 36094263]",2658893219,4599113410,Kullaiba Road,unclassified,17.697,True
261980571_2676303869_2676303872,261980571,2676303869,2676303872,,secondary,12.325000000000003,True
261980571_2676303869_2676303887,261980571,2676303869,2676303887,,secondary,12.033,True
261980571_2676303872_2676303890,261980571,2676303872,2676303890,,secondary,12.616999999999999,True
261980571_2676303887_2676303890,261980571,2676303887,2676303890,,secondary,12.271999999999998,True
261980570_2676303890_7013608463,261980570,2676303890,7013608463,Lambton Road,secondary,156.665,True
904926018_2676461902_8172070487,904926018,2676461902,8172070487,,primary,2.372,True
904926013_2676461913_7095701989,904926013,2676461913,7095701989,,primary,22.384999999999998,True
904926016_2676461913_7095701987,904926016,2676461913,7095701987,,primary,2.095,True
262190104_2678502916_2678502918,262190104,2678502916,2678502918,Russell Road,primary_link,30.342,True
279126222_2692248523_4664867843,279126222,2692248523,4664867843,Wade Street,residential,10.978,True
445445954_2833593903_4428724110,445445954,2833593903,4428724110,Princeton Avenue,residential,20.822,True
"[308866506, 633281531]_3141573806_3141573810","[308866506, 633281531]",3141573806,3141573810,"['Curzon Road', 'Carrington Parade']",residential,129.671,True
315564683_3216916599_3216916600,315564683,3216916599,3216916600,,secondary,8.148000000000001,True
315564683_3216916600_3216916601,315564683,3216916600,3216916601,,secondary,7.509,True
920065632_3336072228_8386558650,920065632,3336072228,8386558650,Park Avenue,secondary,20.900000000000002,True
925515260_3336072228_3336072234,925515260,3336072228,3336072234,,secondary,7.965,True
925515261_3336072228_3336072231,925515261,3336072228,3336072231,,secondary,5.306,True
415483005_3336072231_3336072242,415483005,3336072231,3336072242,,secondary,11.942,True
611263076_3336072231_8534733867,611263076,3336072231,8534733867,Park Avenue,secondary,24.505000000000003,True
920065631_3336072234_8386558650,920065631,3336072234,8386558650,Park Avenue,secondary,20.035,True
"[920065641, 919000834]_3336072242_8534733867","[920065641, 919000834]",3336072242,8534733867,Park Avenue,secondary,23.843,True
26102270_3336072242_10130363628,26102270,3336072242,10130363628,,secondary,2.697,True
329227972_3360641419_11265816234,329227972,3360641419,11265816234,Burke Street,residential,15.232,True
332231237_3393432760_4599113412,332231237,3393432760,4599113412,Kullaiba Road,unclassified,204.052,True
415483027_3393432760_3393434596,415483027,3393432760,3393434596,Kullaiba Road,unclassified,19.119,True
419698304_3393434596_11548130693,419698304,3393434596,11548130693,Kullaiba Road,unclassified,70.66300000000001,True
480999464_3488644760_4599113410,480999464,3488644760,4599113410,Kullaiba Road,unclassified,7.894,True
464845624_3488644760_4599113412,464845624,3488644760,4599113412,Kullaiba Road,unclassified,11.975,True
"[332381296, 883623375]_3743489799_3743489802","[332381296, 883623375]",3743489799,3743489802,Lambton Road,primary,92.79400000000001,True
454125588_4507476245_4507476246,454125588,4507476245,4507476246,Cromwell Street,residential,17.597,True
461848340_4572931369_4572931370,461848340,4572931369,4572931370,Buxton Lane,residential,68.787,True
464845623_4599113410_4599113412,464845623,4599113410,4599113412,Kullaiba Road,unclassified,14.205,True
523551299_5096777787_5096777795,523551299,5096777787,5096777795,Saint James Road,residential,90.24700000000001,True
32805844_5633823575_6457621914,32805844,5633823575,6457621914,Russell Road,residential,31.702,True
173577937_6027609579_6027609580,173577937,6027609579,6027609580,Wickham Road,residential,7.321,True
37934938_6027609579_6136668216,37934938,6027609579,6136668216,Collaroy Road,residential,154.61700000000002,True
26118188_6027609580_6136668216,26118188,6027609580,6136668216,Collaroy Road,residential,155.546,True
654987453_6137125727_6137125728,654987453,6137125727,6137125728,Warren Avenue,residential,106.14099999999999,True
415483043_6144518497_12446969779,415483043,6144518497,12446969779,Orchardtown Road,residential,2.84,True
750042865_7013608454_7013608455,750042865,7013608454,7013608455,Lambton Road,primary,225.105,True
888013811_7013608458_7013608464,888013811,7013608458,7013608464,Lambton Road,primary,22.678,True
888013812_7013608463_7013608464,888013812,7013608463,7013608464,Lambton Road,primary,29.563,True
904926017_7095701987_8172070487,904926017,7095701987,8172070487,,primary,24.788000000000004,True
920065627_8386558649_10130363628,920065627,8386558649,10130363628,Bailey Street,residential,21.564999999999998,True
918532441_8528284071_8528284074,918532441,8528284071,8528284074,Dibbs Street,residential,15.407,True
918532441_8528284074_8530772748,918532441,8528284074,8530772748,Dibbs Street,residential,13.201,True
922290134_8562026835_8562026838,922290134,8562026835,8562026838,Brisbane Water Road,residential,19.895,True
969953697_8975857810_8975857811,969953697,8975857810,8975857811,,tertiary,24.489,True
"[1299638099, 1299638100]_11548130693_12038672027","[1299638099, 1299638100]",11548130693,12038672027,Kullaiba Road,unclassified,98.18900000000001,True
1299688737_12038672019_12038672027,1299688737,12038672019,12038672027,Kullaiba Road,unclassified,6.132,True
"[584721987, 584721982, 415483023]_12038672019_12038672648","[584721987, 584721982, 415483023]",12038672019,12038672648,Park Avenue,secondary,124.29299999999999,True
584721982_12038672642_12038672648,584721982,12038672642,12038672648,Park Avenue,secondary,87.15500000000002,True
173175096_12446969779_12446969783,173175096,12446969779,12446969783,Fay Avenue,residential,49.621,True
