Edge_ID,Street_Name,Start_Node,End_Node,Length_m,Total_Appearances,Cycle_1,Cycle_2,Cycle_3,Cycle_4,Cycle_5,Cycle_6,Cycle_7,Cycle_8,Cycle_9,Cycle_10,Cycle_11,Cycle_12,Cycle_13,Cycle_14,Cycle_15,Cycle_16
1843667467-1843667469,Queens Road,1843667467,1843667469,121.7,7,1,0,0,2,0,0,0,0,0,0,0,2,0,0,0,2
1843667464-1843667467,Queens Road,1843667464,1843667467,71.6,7,1,0,0,2,0,0,0,0,0,0,0,2,0,0,0,2
1843667464-1843667488,Orchardtown Road,1843667464,1843667488,128.4,7,1,0,0,2,0,0,0,0,0,0,0,2,0,0,0,2
1843667488-1843667496,Orchardtown Road,1843667488,1843667496,82.7,7,1,0,0,2,0,0,0,0,0,0,0,2,0,0,0,2
1843667496-1843667499,Orchardtown Road,1843667496,1843667499,8.3,7,1,0,0,2,0,0,0,0,0,0,0,2,0,0,0,2
285923984-1843667499,Jean Street,285923984,1843667499,111.5,2,2,0,0,0,0,0,0,0,0,0,0,0,0,0,0,0
285923984-1843667495,Jean Street,285923984,1843667495,12.0,2,2,0,0,0,0,0,0,0,0,0,0,0,0,0,0,0
1843667499-5325137595,Orchardtown Road,1843667499,5325137595,150.0,7,1,0,0,2,0,0,0,0,0,0,0,2,0,0,0,2
1843667517-5325137595,Orchardtown Road,1843667517,5325137595,82.0,7,1,0,0,2,0,0,0,0,0,0,0,2,0,0,0,2
1840020223-1843667517,Orchardtown Road,1840020223,1843667517,55.4,7,1,0,0,2,0,0,0,0,0,0,0,2,0,0,0,2
285923942-1840020223,Orchardtown Road,285923942,1840020223,25.1,9,3,0,0,2,0,0,0,0,0,0,0,2,0,0,0,2
285923942-1840020227,Blamey Avenue,285923942,1840020227,20.1,1,1,0,0,0,0,0,0,0,0,0,0,0,0,0,0,0
1840020227-1840020232,Orchardtown Road,1840020227,1840020232,82.9,1,1,0,0,0,0,0,0,0,0,0,0,0,0,0,0,0
285923930-1840020232,Dunkley Avenue,285923930,1840020232,19.4,3,3,0,0,0,0,0,0,0,0,0,0,0,0,0,0,0
285923930-285923942,Orchardtown Road,285923930,285923942,82.6,8,2,0,0,2,0,0,0,0,0,0,0,2,0,0,0,2
285923930-8975857810,Orchardtown Road,285923930,8975857810,18.8,9,3,0,0,2,0,0,0,0,0,0,0,2,0,0,0,2
8975857810-8975857811,Unnamed Road,8975857810,8975857811,24.5,1,1,0,0,0,0,0,0,0,0,0,0,0,0,0,0,0
276839789-8975857811,Carnley Avenue,276839789,8975857811,260.8,1,1,0,0,0,0,0,0,0,0,0,0,0,0,0,0,0
276839789-276839790,Birdwood Street,276839789,276839790,12.4,7,3,1,0,0,0,0,1,1,0,0,1,0,0,0,0,0
276839788-276839790,Birdwood Street,276839788,276839790,77.9,3,1,2,0,0,0,0,0,0,0,0,0,0,0,0,0,0
276839788-276839791,Birdwood Street,276839788,276839791,55.3,1,1,0,0,0,0,0,0,0,0,0,0,0,0,0,0,0
276839791-12446969783,Ann Parade,276839791,12446969783,291.7,1,1,0,0,0,0,0,0,0,0,0,0,0,0,0,0,0
1840020273-12446969783,Fay Avenue,1840020273,12446969783,161.3,2,2,0,0,0,0,0,0,0,0,0,0,0,0,0,0,0
12446969779-12446969783,Fay Avenue,12446969779,12446969783,49.6,3,1,0,0,2,0,0,0,0,0,0,0,0,0,0,0,0
2643520648-12446969779,Orchardtown Road,2643520648,12446969779,110.0,5,1,0,0,2,0,0,0,0,0,0,0,0,0,0,0,2
276839790-2643520648,Carnley Avenue,276839790,2643520648,283.3,1,1,0,0,0,0,0,0,0,0,0,0,0,0,0,0,0
276839790-2676461913,Carnley Avenue,276839790,2676461913,216.7,5,1,1,0,0,0,0,1,1,0,0,1,0,0,0,0,0
2676461913-7095701989,Unnamed Road,2676461913,7095701989,22.4,2,2,0,0,0,0,0,0,0,0,0,0,0,0,0,0,0
2676461913-7095701987,Unnamed Road,2676461913,7095701987,2.1,5,1,1,0,0,0,0,1,1,0,0,1,0,0,0,0,0
1926352191-7095701987,Northcott Drive,1926352191,7095701987,368.1,4,1,0,0,0,0,0,1,1,0,0,1,0,0,0,0,0
174778963-1926352191,Northcott Drive,174778963,1926352191,105.7,5,1,0,0,0,0,0,2,1,0,0,1,0,0,0,0,0
174778963-1453639332,Kullaiba Road,174778963,1453639332,11.4,3,1,0,0,0,0,0,1,1,0,0,0,0,0,0,0,0
903719288-1453639332,Northcott Drive,903719288,1453639332,208.8,3,1,0,0,0,0,0,1,1,0,0,0,0,0,0,0,0
903719287-903719288,Park Avenue,903719287,903719288,73.3,4,1,0,0,0,0,0,1,1,0,0,1,0,0,0,0,0
176399672-903719287,Noel Avenue,176399672,903719287,10.5,3,1,0,0,0,0,0,2,0,0,0,0,0,0,0,0,0
176399672-903719325,Park Avenue,176399672,903719325,73.1,2,1,0,0,0,0,0,1,0,0,0,0,0,0,0,0,0
903719288-903719325,Northcott Drive,903719288,903719325,11.8,1,1,0,0,0,0,0,0,0,0,0,0,0,0,0,0,0
903719288-903719305,Park Avenue,903719288,903719305,12.4,2,1,0,0,0,0,0,0,0,0,0,1,0,0,0,0,0
903719305-1453639318,Northcott Drive,903719305,1453639318,205.8,1,1,0,0,0,0,0,0,0,0,0,0,0,0,0,0,0
174778963-1453639318,Northcott Drive,174778963,1453639318,8.2,1,1,0,0,0,0,0,0,0,0,0,0,0,0,0,0,0
174778963-2658893207,Kullaiba Road,174778963,2658893207,161.1,3,1,0,0,0,0,0,1,0,0,0,1,0,0,0,0,0
2658893207-2658893219,Kullaiba Road,2658893207,2658893219,6.1,3,1,0,0,0,0,0,2,0,0,0,0,0,0,0,0,0
1453639318-2658893219,Kullaiba Road,1453639318,2658893219,163.6,1,1,0,0,0,0,0,0,0,0,0,0,0,0,0,0,0
1453639318-1453639332,Kullaiba Road,1453639318,1453639332,11.5,1,1,0,0,0,0,0,0,0,0,0,0,0,0,0,0,0
1453639332-2659023478,Northcott Drive,1453639332,2659023478,111.4,1,1,0,0,0,0,0,0,0,0,0,0,0,0,0,0,0
1840020256-2659023478,Northcott Drive,1840020256,2659023478,290.3,2,1,0,0,0,0,0,1,0,0,0,0,0,0,0,0,0
1840020256-1843667515,Penman Street,1840020256,1843667515,385.1,2,1,0,0,0,0,0,1,0,0,0,0,0,0,0,0,0
1843667515-1843667521,Moonbi Street,1843667515,1843667521,82.8,3,1,1,0,0,0,0,1,0,0,0,0,0,0,0,0,0
284966224-1843667521,Fairfield Avenue,284966224,1843667521,319.2,3,1,1,0,0,0,0,1,0,0,0,0,0,0,0,0,0
284966224-286118933,Saint James Road,284966224,286118933,53.4,7,1,1,0,0,2,0,0,0,0,0,1,0,2,0,0,0
286118933-1843667491,Errington Avenue,286118933,1843667491,103.0,3,2,0,0,0,0,0,1,0,0,0,0,0,0,0,0,0
1843667478-1843667491,Bennett Avenue,1843667478,1843667491,130.8,2,2,0,0,0,0,0,0,0,0,0,0,0,0,0,0,0
286118933-1843667476,Saint James Road,286118933,1843667476,261.8,8,1,1,0,0,2,0,1,0,0,0,1,0,2,0,0,0
174778835-1843667476,Saint James Road,174778835,1843667476,92.8,7,1,0,0,0,2,0,1,0,0,0,1,0,2,0,0,0
174778835-2608920684,Bridges Road,174778835,2608920684,82.9,1,1,0,0,0,0,0,0,0,0,0,0,0,0,0,0,0
2608920684-2608920685,Bridges Road,2608920684,2608920685,138.9,1,1,0,0,0,0,0,0,0,0,0,0,0,0,0,0,0
285924122-2608920685,Henley Street,285924122,2608920685,10.2,2,2,0,0,0,0,0,0,0,0,0,0,0,0,0,0,0
285924122-1843667504,Bridges Road,285924122,1843667504,101.1,1,1,0,0,0,0,0,0,0,0,0,0,0,0,0,0,0
1843667504-1843667509,Bridges Road,1843667504,1843667509,86.9,1,1,0,0,0,0,0,0,0,0,0,0,0,0,0,0,0
1843667509-2608920687,Moonbi Street,1843667509,2608920687,12.5,1,1,0,0,0,0,0,0,0,0,0,0,0,0,0,0,0
1843667515-2608920687,Moonbi Street,1843667515,2608920687,121.0,3,2,1,0,0,0,0,0,0,0,0,0,0,0,0,0,0
2608920685-2608920687,Bridges Road,2608920685,2608920687,190.5,1,1,0,0,0,0,0,0,0,0,0,0,0,0,0,0,0
285924122-1843667490,Henley Street,285924122,1843667490,264.9,1,1,0,0,0,0,0,0,0,0,0,0,0,0,0,0,0
1843667487-1843667490,Henley Street,1843667487,1843667490,91.7,1,1,0,0,0,0,0,0,0,0,0,0,0,0,0,0,0
1843667484-1843667487,Birdwood Street,1843667484,1843667487,8.1,5,1,1,0,0,0,0,1,1,0,0,1,0,0,0,0,0
1843667470-1843667484,Birdwood Street,1843667470,1843667484,98.2,5,1,1,0,0,0,0,1,1,0,0,1,0,0,0,0,0
1843667469-1843667470,Queens Road,1843667469,1843667470,68.5,18,1,2,1,0,2,0,2,2,2,0,2,0,2,0,2,0
1843667487-1843667493,Birdwood Street,1843667487,1843667493,54.6,4,0,1,0,0,0,0,1,1,0,0,1,0,0,0,0,0
1843667493-1843667498,Birdwood Street,1843667493,1843667498,39.1,4,0,1,0,0,0,0,1,1,0,0,1,0,0,0,0,0
1843667498-1843667503,Birdwood Street,1843667498,1843667503,39.9,4,0,1,0,0,0,0,1,1,0,0,1,0,0,0,0,0
285923927-1843667503,Birdwood Street,285923927,1843667503,241.1,4,0,1,0,0,0,0,1,1,0,0,1,0,0,0,0,0
276839789-285923927,Birdwood Street,276839789,285923927,93.7,4,0,1,0,0,0,0,1,1,0,0,1,0,0,0,0,0
276839788-1840020259,Freeman Street,276839788,1840020259,80.5,2,0,2,0,0,0,0,0,0,0,0,0,0,0,0,0,0
1840020259-1840020271,Ball Street,1840020259,1840020271,88.2,2,0,2,0,0,0,0,0,0,0,0,0,0,0,0,0,0
1840020259-4364680700,Freeman Street,1840020259,4364680700,72.7,2,0,2,0,0,0,0,0,0,0,0,0,0,0,0,0,0
7095701987-8172070487,Unnamed Road,7095701987,8172070487,24.8,3,0,3,0,0,0,0,0,0,0,0,0,0,0,0,0,0
2676461902-8172070487,Unnamed Road,2676461902,8172070487,2.4,3,0,3,0,0,0,0,0,0,0,0,0,0,0,0,0,0
939119128-2676461902,Unnamed Road,939119128,2676461902,23.7,2,0,2,0,0,0,0,0,0,0,0,0,0,0,0,0,0
1840020256-8172070487,Northcott Drive,1840020256,8172070487,84.7,2,0,2,0,0,0,0,0,0,0,0,0,0,0,0,0,0
2608920687-2676461902,Bridges Road,2608920687,2676461902,265.6,1,0,1,0,0,0,0,0,0,0,0,0,0,0,0,0,0
1843667460-1843667476,Saint Georges Road,1843667460,1843667476,175.0,1,0,1,0,0,0,0,0,0,0,0,0,0,0,0,0,0
286118915-1843667460,Poitrel Street,286118915,1843667460,186.4,3,0,3,0,0,0,0,0,0,0,0,0,0,0,0,0,0
286118915-286119557,Longworth Avenue,286118915,286119557,9.5,2,0,2,0,0,0,0,0,0,0,0,0,0,0,0,0,0
286119396-286119557,Lille Street,286119396,286119557,175.0,2,0,2,0,0,0,0,0,0,0,0,0,0,0,0,0,0
286119396-2063026294,Sketchley Parade,286119396,2063026294,102.4,2,0,2,0,0,0,0,0,0,0,0,0,0,0,0,0,0
286118961-2063026294,Sketchley Parade,286118961,2063026294,43.6,2,0,2,0,0,0,0,0,0,0,0,0,0,0,0,0,0
286118961-2063026286,Jellicoe Parade,286118961,2063026286,104.6,2,0,2,0,0,0,0,0,0,0,0,0,0,0,0,0,0
1839861589-2063026286,Jellicoe Parade,1839861589,2063026286,104.7,1,0,1,0,0,0,0,0,0,0,0,0,0,0,0,0,0
285923598-1839861589,Jellicoe Parade / Russell Road,285923598,1839861589,285.8,1,0,1,0,0,0,0,0,0,0,0,0,0,0,0,0,0
285923598-1843667427,Bridges Road,285923598,1843667427,100.8,7,0,1,1,0,0,0,0,1,2,0,0,0,0,0,2,0
1843667427-1843667429,Bridges Road,1843667427,1843667429,34.7,9,0,3,1,0,0,0,0,1,2,0,0,0,0,0,2,0
1843667429-2063026231,Bridges Road,1843667429,2063026231,73.3,9,0,3,1,0,0,0,0,1,2,0,0,0,0,0,2,0
174778805-2063026231,Bridges Road,174778805,2063026231,77.4,8,0,2,1,0,0,0,0,1,2,0,0,0,0,0,2,0
174778805-11265816234,Bridges Road,174778805,11265816234,16.5,8,0,2,1,0,0,0,0,1,2,0,0,0,0,0,2,0
2063026250-11265816234,Bridges Road,2063026250,11265816234,16.6,8,0,2,1,0,0,0,0,1,2,0,0,0,0,0,2,0
2063026250-2063026290,Bridges Road,2063026250,2063026290,97.2,8,0,2,1,0,0,0,0,1,2,0,0,0,0,0,2,0
1843667444-2063026290,Bridges Road,1843667444,2063026290,16.5,8,0,2,1,0,0,0,0,1,2,0,0,0,0,0,2,0
286118915-1843667444,Longworth Avenue,286118915,1843667444,121.7,3,0,3,0,0,0,0,0,0,0,0,0,0,0,0,0,0
1843667460-1843667465,Poitrel Street,1843667460,1843667465,64.1,2,0,2,0,0,0,0,0,0,0,0,0,0,0,0,0,0
286119541-286119557,Longworth Avenue,286119541,286119557,92.7,4,0,4,0,0,0,0,0,0,0,0,0,0,0,0,0,0
286119541-1843667458,Longworth Avenue,286119541,1843667458,39.5,2,0,2,0,0,0,0,0,0,0,0,0,0,0,0,0,0
286119396-2063026250,Sketchley Parade,286119396,2063026250,180.3,2,0,2,0,0,0,0,0,0,0,0,0,0,0,0,0,0
286119541-2063026294,Meadow Road,286119541,2063026294,210.3,2,0,2,0,0,0,0,0,0,0,0,0,0,0,0,0,0
2063026231-2063026286,Sturdee Street,2063026231,2063026286,285.2,1,0,1,0,0,0,0,0,0,0,0,0,0,0,0,0,0
1839861589-1843667427,Glossop Street,1839861589,1843667427,217.6,2,0,2,0,0,0,0,0,0,0,0,0,0,0,0,0,0
174778835-1843667444,Bridges Road,174778835,1843667444,279.4,7,0,1,1,0,0,0,0,1,2,0,0,0,0,0,2,0
174778835-285923886,Bridges Road,174778835,285923886,79.0,13,0,1,1,0,2,0,1,1,2,0,1,0,2,0,2,0
285923886-1843667466,Queens Road,285923886,1843667466,62.2,13,0,1,1,0,2,0,1,1,2,0,1,0,2,0,2,0
1843667466-1843667471,Queens Road,1843667466,1843667471,307.0,13,0,1,1,0,2,0,1,1,2,0,1,0,2,0,2,0
1843667470-1843667471,Queens Road,1843667470,1843667471,51.7,13,0,1,1,0,2,0,1,1,2,0,1,0,2,0,2,0
1843667445-1843667469,Evescourt Road,1843667445,1843667469,271.1,7,0,0,1,0,0,2,0,0,0,2,0,0,0,2,0,0
1843667441-1843667445,Evescourt Road,1843667441,1843667445,106.0,7,0,0,1,0,0,2,0,0,0,2,0,0,0,2,0,0
1843667439-1843667441,Evescourt Road,1843667439,1843667441,50.9,7,0,0,1,0,0,2,0,0,0,2,0,0,0,2,0,0
1843667424-1843667439,Evescourt Road,1843667424,1843667439,123.9,6,0,0,1,0,0,2,0,0,0,2,0,0,0,1,0,0
285923794-1843667424,Evescourt Road,285923794,1843667424,77.9,6,0,0,1,0,0,2,0,0,0,2,0,0,0,1,0,0
285923781-285923794,Evescourt Road,285923781,285923794,86.3,6,0,0,1,0,0,2,0,0,0,2,0,0,0,1,0,0
285923659-285923781,Westcourt Road,285923659,285923781,71.3,6,0,0,1,0,0,2,0,0,0,2,0,0,0,1,0,0
285923659-285923726,Westcourt Road,285923659,285923726,116.0,7,0,0,2,0,0,2,0,0,0,2,0,0,0,1,0,0
285923726-5978163993,Westcourt Road,285923726,5978163993,104.4,4,0,0,1,0,0,1,0,0,0,1,0,0,0,1,0,0
285923657-5978163993,Avondale Road,285923657,5978163993,128.4,6,0,0,2,0,0,2,0,0,0,1,0,0,0,1,0,0
285923655-285923657,Avondale Road,285923655,285923657,114.0,5,0,0,2,0,0,1,0,0,0,1,0,0,0,1,0,0
285923652-285923655,Avondale Road,285923652,285923655,55.1,2,0,0,2,0,0,0,0,0,0,0,0,0,0,0,0,0
285922515-285923652,Hobart Road,285922515,285923652,70.7,2,0,0,1,0,0,1,0,0,0,0,0,0,0,0,0,0
285922515-739711945,Hobart Road,285922515,739711945,22.1,4,0,0,1,0,0,3,0,0,0,0,0,0,0,0,0,0
285922956-739711945,Hobart Road,285922956,739711945,128.5,4,0,0,2,0,0,1,0,0,0,0,0,0,0,1,0,0
285922956-285922987,Rosmar Street,285922956,285922987,60.9,2,0,0,2,0,0,0,0,0,0,0,0,0,0,0,0,0
739711945-739712119,Hobart Road,739711945,739712119,28.7,4,0,0,1,0,0,2,0,0,0,0,0,0,0,1,0,0
285923655-739712119,Lambton Road,285923655,739712119,81.7,4,0,0,1,0,0,1,0,0,0,1,0,0,0,1,0,0
285923655-2676303869,Lambton Road,285923655,2676303869,216.1,1,0,0,1,0,0,0,0,0,0,0,0,0,0,0,0,0
2676303869-2676303872,Unnamed Road,2676303869,2676303872,12.3,2,0,0,1,0,0,1,0,0,0,0,0,0,0,0,0,0
1843667352-2676303872,Rugby Road,1843667352,2676303872,118.5,2,0,0,1,0,0,1,0,0,0,0,0,0,0,0,0,0
285923652-1843667352,Hobart Road,285923652,1843667352,232.5,2,0,0,1,0,0,1,0,0,0,0,0,0,0,0,0,0
285923669-5978163993,Westcourt Road,285923669,5978163993,19.5,4,0,0,3,0,0,1,0,0,0,0,0,0,0,0,0,0
285923661-285923669,Westcourt Road,285923661,285923669,88.6,2,0,0,2,0,0,0,0,0,0,0,0,0,0,0,0,0
285923669-285923671,Clarence Road,285923669,285923671,129.1,2,0,0,1,0,0,1,0,0,0,0,0,0,0,0,0,0
285923664-285923671,Clarence Road,285923664,285923671,151.6,1,0,0,1,0,0,0,0,0,0,0,0,0,0,0,0,0
285923542-285923664,Wickham Road,285923542,285923664,33.6,3,0,0,1,0,0,1,0,0,0,0,0,0,0,1,0,0
285923542-6027609580,Wickham Road,285923542,6027609580,66.5,3,0,0,1,0,0,0,0,0,0,1,0,0,0,1,0,0
6027609579-6027609580,Wickham Road,6027609579,6027609580,7.3,3,0,0,1,0,0,1,0,0,0,0,0,0,0,1,0,0
1843667394-6027609579,Wickham Road,1843667394,6027609579,115.0,3,0,0,2,0,0,0,0,0,0,0,0,0,0,1,0,0
6027609579-6136668216,Collaroy Road,6027609579,6136668216,154.6,2,0,0,1,0,0,1,0,0,0,0,0,0,0,0,0,0
445402383-6136668216,Collaroy Road,445402383,6136668216,8.6,4,0,0,1,0,0,2,0,0,0,1,0,0,0,0,0,0
285923726-445402383,Collaroy Road,285923726,445402383,206.9,3,0,0,1,0,0,1,0,0,0,1,0,0,0,0,0,0
285923659-1843667390,Alma Road / Rugby Road,285923659,1843667390,138.4,1,0,0,1,0,0,0,0,0,0,0,0,0,0,0,0,0
1843667384-1843667390,Regent Street,1843667384,1843667390,50.1,3,0,0,3,0,0,0,0,0,0,0,0,0,0,0,0,0
1843667384-2676303887,Rugby Road,1843667384,2676303887,114.4,2,0,0,1,0,0,1,0,0,0,0,0,0,0,0,0,0
2676303869-2676303887,Unnamed Road,2676303869,2676303887,12.0,3,0,0,2,0,0,1,0,0,0,0,0,0,0,0,0,0
2676303887-2676303890,Unnamed Road,2676303887,2676303890,12.3,1,0,0,1,0,0,0,0,0,0,0,0,0,0,0,0,0
2676303872-2676303890,Unnamed Road,2676303872,2676303890,12.6,2,0,0,2,0,0,0,0,0,0,0,0,0,0,0,0,0
2676303890-7013608463,Lambton Road,2676303890,7013608463,156.7,1,0,0,1,0,0,0,0,0,0,0,0,0,0,0,0,0
7013608463-7013608464,Lambton Road,7013608463,7013608464,29.6,1,0,0,1,0,0,0,0,0,0,0,0,0,0,0,0,0
1843667382-7013608464,Taragna Road,1843667382,7013608464,82.5,4,0,0,3,0,0,1,0,0,0,0,0,0,0,0,0,0
1843667366-1843667382,Taragna Road,1843667366,1843667382,101.3,3,0,0,2,0,0,1,0,0,0,0,0,0,0,0,0,0
285923172-1843667382,Thalaba Road,285923172,1843667382,221.4,1,0,0,1,0,0,0,0,0,0,0,0,0,0,0,0,0
285923171-285923172,Wallarah Road,285923171,285923172,106.3,3,0,0,1,0,0,1,0,0,1,0,0,0,0,0,0,0
285922527-285923171,Hobart Road,285922527,285923171,17.2,2,0,0,1,0,0,0,0,0,1,0,0,0,0,0,0,0
285922527-367128371,Hobart Road,285922527,367128371,121.6,1,0,0,1,0,0,0,0,0,0,0,0,0,0,0,0,0
285923183-367128371,Henderson Street,285923183,367128371,163.1,2,0,0,1,0,0,0,0,0,1,0,0,0,0,0,0,0
285923183-285923198,Monash Road,285923183,285923198,85.0,2,0,0,1,0,0,0,0,0,1,0,0,0,0,0,0,0
285923198-285923212,Monash Road,285923198,285923212,81.9,1,0,0,1,0,0,0,0,0,0,0,0,0,0,0,0,0
285923212-285923230,Marina Avenue,285923212,285923230,80.9,2,0,0,2,0,0,0,0,0,0,0,0,0,0,0,0,0
285923216-285923230,Marina Avenue,285923216,285923230,77.0,3,0,0,2,0,0,0,0,0,1,0,0,0,0,0,0,0
285923216-285923224,Rex Avenue,285923216,285923224,120.1,1,0,0,1,0,0,0,0,0,0,0,0,0,0,0,0,0
285923224-285923234,Gloucester Avenue,285923224,285923234,74.2,1,0,0,1,0,0,0,0,0,0,0,0,0,0,0,0,0
285923227-285923234,Gloucester Avenue,285923227,285923234,80.4,2,0,0,1,0,0,0,0,0,1,0,0,0,0,0,0,0
285923212-285923227,Monash Road,285923212,285923227,119.0,1,0,0,1,0,0,0,0,0,0,0,0,0,0,0,0,0
285923216-367128369,Marina Avenue,285923216,367128369,76.4,4,0,0,1,0,0,0,0,0,3,0,0,0,0,0,0,0
285923206-367128369,Marina Avenue,285923206,367128369,13.6,2,0,0,2,0,0,0,0,0,0,0,0,0,0,0,0,0
285923206-285923805,Hobart Road,285923206,285923805,60.7,2,0,0,1,0,0,0,0,0,1,0,0,0,0,0,0,0
285923805-367128376,Hobart Road,285923805,367128376,39.5,1,0,0,1,0,0,0,0,0,0,0,0,0,0,0,0,0
367128370-367128376,Hitchcock Avenue,367128370,367128376,13.4,2,0,0,1,0,0,0,0,0,1,0,0,0,0,0,0,0
367128369-367128370,Hobart Road,367128369,367128370,99.7,2,0,0,1,0,0,0,0,0,1,0,0,0,0,0,0,0
285923206-337344529,Hobart Road,285923206,337344529,112.1,2,0,0,1,0,0,0,0,0,1,0,0,0,0,0,0,0
337344524-337344529,Hobart Road,337344524,337344529,20.1,2,0,0,2,0,0,0,0,0,0,0,0,0,0,0,0,0
337344521-337344524,Hobart Road,337344521,337344524,55.9,2,0,0,2,0,0,0,0,0,0,0,0,0,0,0,0,0
337344529-6134998010,Hobart Road,337344529,6134998010,47.1,2,0,0,1,0,0,0,0,0,1,0,0,0,0,0,0,0
285923804-6134998010,Lambton Road,285923804,6134998010,175.1,1,0,0,1,0,0,0,0,0,0,0,0,0,0,0,0,0
285923804-1843667393,Greta Road,285923804,1843667393,70.4,2,0,0,2,0,0,0,0,0,0,0,0,0,0,0,0,0
285923804-7013608455,Greta Road,285923804,7013608455,7.8,1,0,0,1,0,0,0,0,0,0,0,0,0,0,0,0,0
285923803-7013608455,Greta Road,285923803,7013608455,130.3,1,0,0,1,0,0,0,0,0,0,0,0,0,0,0,0,0
285923598-285923803,Russell Road,285923598,285923803,74.8,1,0,0,1,0,0,0,0,0,0,0,0,0,0,0,0,0
2643520648-8975857810,Orchardtown Road,2643520648,8975857810,26.0,6,0,0,0,2,0,0,0,0,0,0,0,2,0,0,0,2
6144518497-12446969779,Orchardtown Road,6144518497,12446969779,2.8,6,0,0,0,4,0,0,0,0,0,0,0,0,0,0,0,2
276839882-6144518497,Orchardtown Road,276839882,6144518497,72.7,5,0,0,0,3,0,0,0,0,0,0,0,0,0,0,0,2
276839882-6144518511,Orchardtown Road,276839882,6144518511,8.8,4,0,0,0,2,0,0,0,0,0,0,0,0,0,0,0,2
276839881-6144518511,Orchardtown Road,276839881,6144518511,50.3,4,0,0,0,2,0,0,0,0,0,0,0,0,0,0,0,2
276839881-1840020292,Orchardtown Road,276839881,1840020292,83.1,4,0,0,0,2,0,0,0,0,0,0,0,0,0,0,0,2
1840020279-1840020292,Allan Street,1840020279,1840020292,193.1,1,0,0,0,1,0,0,0,0,0,0,0,0,0,0,0,0
276839791-1840020279,Allan Street / Birdwood Street,276839791,1840020279,229.4,2,0,0,0,2,0,0,0,0,0,0,0,0,0,0,0,0
276839882-1840020279,Woodlands Avenue,276839882,1840020279,175.1,1,0,0,0,1,0,0,0,0,0,0,0,0,0,0,0,0
276839898-6144518497,Fay Avenue,276839898,6144518497,208.6,1,0,0,0,1,0,0,0,0,0,0,0,0,0,0,0,0
276839898-1840020257,Aldyth Street,276839898,1840020257,55.1,2,0,0,0,2,0,0,0,0,0,0,0,0,0,0,0,0
276839898-1840020266,Fay Avenue,276839898,1840020266,57.5,2,0,0,0,2,0,0,0,0,0,0,0,0,0,0,0,0
276839898-1840020278,Aldyth Street,276839898,1840020278,153.8,3,0,0,0,3,0,0,0,0,0,0,0,0,0,0,0,0
1840020278-6144518511,Woodlands Avenue,1840020278,6144518511,225.0,2,0,0,0,2,0,0,0,0,0,0,0,0,0,0,0,0
1840020278-1840020291,Aldyth Street,1840020278,1840020291,93.3,3,0,0,0,3,0,0,0,0,0,0,0,0,0,0,0,0
276839881-1840020291,Meredith Street,276839881,1840020291,220.1,2,0,0,0,2,0,0,0,0,0,0,0,0,0,0,0,0
1840020291-1840020314,Meredith Street,1840020291,1840020314,301.9,1,0,0,0,1,0,0,0,0,0,0,0,0,0,0,0,0
1840020292-1840020314,Grinsell Street,1840020292,1840020314,438.8,5,0,0,0,3,0,0,0,0,0,0,0,0,0,0,0,2
1840020314-1840020315,Grinsell Street,1840020314,1840020315,33.9,4,0,0,0,2,0,0,0,0,0,0,0,0,0,0,0,2
1840020315-1840020321,Grinsell Street,1840020315,1840020321,237.3,4,0,0,0,2,0,0,0,0,0,0,0,0,0,0,0,2
1840020320-1840020321,Grinsell Street,1840020320,1840020321,50.3,3,0,0,0,2,0,0,0,0,0,0,0,0,0,0,0,1
284966224-286119052,Saint James Road,284966224,286119052,46.9,6,0,0,0,0,2,0,1,0,0,0,1,0,2,0,0,0
286119052-362011394,Saint James Road,286119052,362011394,109.5,5,0,0,0,0,2,0,0,0,0,0,1,0,2,0,0,0
362011394-1843667522,Glebe Road / Saint James Road,362011394,1843667522,127.8,6,0,0,0,0,2,0,0,1,0,0,1,0,2,0,0,0
176399846-1843667522,Park Avenue,176399846,1843667522,150.1,3,0,0,0,0,1,0,0,1,0,0,1,0,0,0,0,0
176399846-285732092,Park Avenue,176399846,285732092,75.2,3,0,0,0,0,2,0,0,1,0,0,0,0,0,0,0,0
285732092-8386558650,Park Avenue,285732092,8386558650,133.0,3,0,0,0,0,2,0,0,0,0,0,1,0,0,0,0,0
3336072228-8386558650,Park Avenue,3336072228,8386558650,20.9,2,0,0,0,0,1,0,0,0,0,0,1,0,0,0,0,0
3336072228-3336072234,Unnamed Road,3336072228,3336072234,8.0,2,0,0,0,0,2,0,0,0,0,0,0,0,0,0,0,0
2658879567-3336072234,Unnamed Road,2658879567,3336072234,10.7,1,0,0,0,0,1,0,0,0,0,0,0,0,0,0,0,0
2658879567-10130363628,Unnamed Road,2658879567,10130363628,11.0,1,0,0,0,0,1,0,0,0,0,0,0,0,0,0,0,0
3336072242-10130363628,Unnamed Road,3336072242,10130363628,2.7,2,0,0,0,0,1,0,0,1,0,0,0,0,0,0,0,0
3336072231-3336072242,Unnamed Road,3336072231,3336072242,11.9,2,0,0,0,0,1,0,0,1,0,0,0,0,0,0,0,0
3336072228-3336072231,Unnamed Road,3336072228,3336072231,5.3,2,0,0,0,0,1,0,0,0,0,0,1,0,0,0,0,0
3336072234-8386558650,Park Avenue,3336072234,8386558650,20.0,1,0,0,0,0,1,0,0,0,0,0,0,0,0,0,0,0
176399846-285732089,Victoria Street,176399846,285732089,37.1,2,0,0,0,0,1,0,0,0,0,0,1,0,0,0,0,0
285732089-1436939674,Victoria Street,285732089,1436939674,118.6,1,0,0,0,0,1,0,0,0,0,0,0,0,0,0,0,0
285732248-1436939674,Wood Street,285732248,1436939674,142.6,1,0,0,0,0,1,0,0,0,0,0,0,0,0,0,0,0
285732230-285732248,Wood Street,285732230,285732248,142.6,2,0,0,0,0,1,0,0,0,0,0,1,0,0,0,0,0
285732060-285732230,Fourth Street,285732060,285732230,128.8,1,0,0,0,0,1,0,0,0,0,0,0,0,0,0,0,0
285732060-285732233,Bourke Street,285732060,285732233,115.9,1,0,0,0,0,1,0,0,0,0,0,0,0,0,0,0,0
285732233-285732235,Jefferson Street,285732233,285732235,173.3,1,0,0,0,0,1,0,0,0,0,0,0,0,0,0,0,0
285732077-285732235,Date Street,285732077,285732235,166.1,1,0,0,0,0,1,0,0,0,0,0,0,0,0,0,0,0
174779068-285732077,Date Street,174779068,285732077,117.3,1,0,0,0,0,1,0,0,0,0,0,0,0,0,0,0,0
174779068-1436939673,Glebe Road,174779068,1436939673,111.8,1,0,0,0,0,1,0,0,0,0,0,0,0,0,0,0,0
285732076-1436939673,Teralba Road,285732076,1436939673,117.5,1,0,0,0,0,1,0,0,0,0,0,0,0,0,0,0,0
285732076-2108084122,Teralba Road,285732076,2108084122,105.5,2,0,0,0,0,2,0,0,0,0,0,0,0,0,0,0,0
285732076-1436939676,Victoria Street,285732076,1436939676,60.4,2,0,0,0,0,1,0,0,0,0,0,0,0,1,0,0,0
285732233-1436939676,Bourke Street,285732233,1436939676,166.9,2,0,0,0,0,2,0,0,0,0,0,0,0,0,0,0,0
1436939674-1436939676,Victoria Street,1436939674,1436939676,128.4,3,0,0,0,0,2,0,0,0,0,0,0,0,1,0,0,0
1436939674-2375001658,Wood Street,1436939674,2375001658,114.8,3,0,0,0,0,2,0,0,0,0,0,0,0,1,0,0,0
1843667522-2375001658,Glebe Road,1843667522,2375001658,59.2,5,0,0,0,0,3,0,0,0,0,0,0,0,2,0,0,0
355013031-1843667522,Court Street,355013031,1843667522,204.2,2,0,0,0,0,2,0,0,0,0,0,0,0,0,0,0,0
2375001656-2375001658,Glebe Road,2375001656,2375001658,128.5,4,0,0,0,0,3,0,0,0,0,0,0,0,1,0,0,0
1436939673-2375001656,Glebe Road,1436939673,2375001656,60.9,3,0,0,0,0,2,0,0,0,0,0,0,0,1,0,0,0
355013052-1436939673,Teralba Road,355013052,1436939673,226.4,3,0,0,0,0,2,0,0,0,0,0,0,0,1,0,0,0
174779068-355013052,Date Street,174779068,355013052,203.1,1,0,0,0,0,1,0,0,0,0,0,0,0,0,0,0,0
174779068-272224405,Glebe Road,174779068,272224405,109.5,1,0,0,0,0,1,0,0,0,0,0,0,0,0,0,0,0
272224405-285732088,Glebe Road,272224405,285732088,117.0,2,0,0,0,0,2,0,0,0,0,0,0,0,0,0,0,0
285732085-285732088,Glebe Road,285732085,285732088,111.0,2,0,0,0,0,2,0,0,0,0,0,0,0,0,0,0,0
285732085-5494239660,Glebe Road,285732085,5494239660,3.4,2,0,0,0,0,2,0,0,0,0,0,0,0,0,0,0,0
272224405-286119437,Brunker Road,272224405,286119437,101.5,3,0,0,0,0,1,0,0,0,0,0,0,0,2,0,0,0
272224404-286119437,Brunker Road,272224404,286119437,94.1,2,0,0,0,0,1,0,0,0,0,0,0,0,1,0,0,0
272224404-769203760,Olney Road,272224404,769203760,107.8,2,0,0,0,0,1,0,0,0,0,0,0,0,1,0,0,0
355013052-769203760,Teralba Road,355013052,769203760,40.7,4,0,0,0,0,3,0,0,0,0,0,0,0,1,0,0,0
769203760-769203761,Olney Road,769203760,769203761,74.6,2,0,0,0,0,2,0,0,0,0,0,0,0,0,0,0,0
1436939676-2375001656,Bourke Street,1436939676,2375001656,117.0,1,0,0,0,0,1,0,0,0,0,0,0,0,0,0,0,0
445402383-1843667396,Baker Street,445402383,1843667396,111.0,2,0,0,0,0,0,2,0,0,0,0,0,0,0,0,0,0
6027609580-6136668216,Collaroy Road,6027609580,6136668216,155.5,2,0,0,0,0,0,1,0,0,0,1,0,0,0,0,0,0
285923671-445402383,Baker Street,285923671,445402383,116.3,1,0,0,0,0,0,1,0,0,0,0,0,0,0,0,0,0
285923657-1843667384,Regent Street,285923657,1843667384,222.8,1,0,0,0,0,0,1,0,0,0,0,0,0,0,0,0,0
1843667352-1843667366,Hobart Road,1843667352,1843667366,65.9,2,0,0,0,0,0,2,0,0,0,0,0,0,0,0,0,0
285923171-1843667366,Hobart Road,285923171,1843667366,215.5,1,0,0,0,0,0,1,0,0,0,0,0,0,0,0,0,0
285923171-1843667338,Wallarah Road,285923171,1843667338,161.9,2,0,0,0,0,0,2,0,0,0,0,0,0,0,0,0,0
285923134-1843667338,Wallarah Road,285923134,1843667338,222.8,2,0,0,0,0,0,2,0,0,0,0,0,0,0,0,0,0
285923172-285923801,Wallarah Road,285923172,285923801,85.6,1,0,0,0,0,0,1,0,0,0,0,0,0,0,0,0,0
285923801-7013608458,Lambton Road,285923801,7013608458,202.9,1,0,0,0,0,0,1,0,0,0,0,0,0,0,0,0,0
7013608458-7013608464,Lambton Road,7013608458,7013608464,22.7,1,0,0,0,0,0,1,0,0,0,0,0,0,0,0,0,0
1843667344-1843667366,Tauranga Road,1843667344,1843667366,98.1,2,0,0,0,0,0,2,0,0,0,0,0,0,0,0,0,0
285922936-739712119,Lambton Road,285922936,739712119,89.3,4,0,0,0,0,0,3,0,0,0,1,0,0,0,0,0,0
285922936-285923568,Railway Road,285922936,285923568,82.3,4,0,0,0,0,0,2,0,0,0,1,0,0,0,1,0,0
285923568-1843667319,Railway Road,285923568,1843667319,39.5,2,0,0,0,0,0,1,0,0,0,0,0,0,0,1,0,0
285923657-1843667319,Regent Street,285923657,1843667319,226.5,2,0,0,0,0,0,2,0,0,0,0,0,0,0,0,0,0
285923660-1843667319,Railway Road,285923660,1843667319,131.1,2,0,0,0,0,0,1,0,0,0,0,0,0,0,1,0,0
285923579-285923660,Railway Road,285923579,285923660,98.5,3,0,0,0,0,0,2,0,0,0,0,0,0,0,1,0,0
285923579-285923587,Railway Road,285923579,285923587,38.3,5,0,0,0,0,0,3,0,0,0,1,0,0,0,1,0,0
285923587-285923663,Wickham Road,285923587,285923663,38.3,3,0,0,0,0,0,2,0,0,0,0,0,0,0,1,0,0
285923661-285923663,Gwydir Road,285923661,285923663,218.7,1,0,0,0,0,0,1,0,0,0,0,0,0,0,0,0,0
285923660-285923661,Westcourt Road,285923660,285923661,150.9,1,0,0,0,0,0,1,0,0,0,0,0,0,0,0,0,0
285923663-285923664,Wickham Road,285923663,285923664,71.7,2,0,0,0,0,0,1,0,0,0,0,0,0,0,1,0,0
285923542-1843667358,Chiplin Street,285923542,1843667358,102.6,2,0,0,0,0,0,1,0,0,0,1,0,0,0,0,0,0
1843667315-1843667358,Hawkins Street,1843667315,1843667358,252.8,2,0,0,0,0,0,1,0,0,0,1,0,0,0,0,0,0
285923587-1843667315,Railway Road,285923587,1843667315,235.7,2,0,0,0,0,0,1,0,0,0,1,0,0,0,0,0,0
285923579-1843667320,Noela Avenue,285923579,1843667320,87.5,2,0,0,0,0,0,1,0,0,0,1,0,0,0,0,0,0
285923568-1843667320,Astbury Street,285923568,1843667320,332.8,2,0,0,0,0,0,1,0,0,0,1,0,0,0,0,0,0
285922515-367128077,Tyrone Road,285922515,367128077,84.2,2,0,0,0,0,0,2,0,0,0,0,0,0,0,0,0,0
285922956-1843667280,Hobart Road,285922956,1843667280,76.0,2,0,0,0,0,0,1,0,0,0,0,0,0,0,1,0,0
285922506-1843667280,Hobart Road / Howe Street,285922506,1843667280,164.0,2,0,0,0,0,0,1,0,0,0,1,0,0,0,0,0,0
285922506-285923055,Wye Street,285922506,285923055,120.7,1,0,0,0,0,0,1,0,0,0,0,0,0,0,0,0,0
285923025-285923055,Church Street,285923025,285923055,162.8,1,0,0,0,0,0,1,0,0,0,0,0,0,0,0,0,0
285922945-285923025,Durham Road,285922945,285923025,113.7,4,0,0,0,0,0,1,0,0,0,3,0,0,0,0,0,0
285922936-285922945,Howe Street,285922936,285922945,134.5,6,0,0,0,0,0,3,0,0,0,2,0,0,0,1,0,0
285922945-1843667280,Durham Road,285922945,1843667280,30.3,4,0,0,0,0,0,2,0,0,0,1,0,0,0,1,0,0
285922945-6237659050,Howe Street,285922945,6237659050,46.1,2,0,0,0,0,0,2,0,0,0,0,0,0,0,0,0,0
1843667491-6137125728,Errington Avenue,1843667491,6137125728,115.1,1,0,0,0,0,0,0,1,0,0,0,0,0,0,0,0,0
1843667475-6137125728,Errington Avenue,1843667475,6137125728,19.4,2,0,0,0,0,0,0,2,0,0,0,0,0,0,0,0,0
1843667461-1843667475,Errington Avenue,1843667461,1843667475,97.6,2,0,0,0,0,0,0,2,0,0,0,0,0,0,0,0,0
1843667472-1843667475,Warren Avenue,1843667472,1843667475,71.7,2,0,0,0,0,0,0,2,0,0,0,0,0,0,0,0,0
6137125727-6137125728,Warren Avenue,6137125727,6137125728,106.1,1,0,0,0,0,0,0,1,0,0,0,0,0,0,0,0,0
286118961-6137125727,Mackie Avenue / Sketchley Parade,286118961,6137125727,317.3,2,0,0,0,0,0,0,2,0,0,0,0,0,0,0,0,0
286119052-6137125727,Mackie Avenue,286119052,6137125727,258.5,1,0,0,0,0,0,0,1,0,0,0,0,0,0,0,0,0
1840020267-1843667521,Fairfield Avenue,1840020267,1843667521,295.0,2,0,0,0,0,0,0,2,0,0,0,0,0,0,0,0,0
1926352191-2659023478,Bradford Close,1926352191,2659023478,10.3,1,0,0,0,0,0,0,1,0,0,0,0,0,0,0,0,0
1926352191-2519676283,Bradford Close,1926352191,2519676283,195.7,2,0,0,0,0,0,0,2,0,0,0,0,0,0,0,0,0
2658893219-4599113410,Kullaiba Road,2658893219,4599113410,17.7,2,0,0,0,0,0,0,2,0,0,0,0,0,0,0,0,0
3488644760-4599113410,Kullaiba Road,3488644760,4599113410,7.9,1,0,0,0,0,0,0,1,0,0,0,0,0,0,0,0,0
2658893207-3488644760,Kullaiba Road,2658893207,3488644760,27.0,2,0,0,0,0,0,0,1,0,0,0,1,0,0,0,0,0
4599113410-4599113412,Kullaiba Road,4599113410,4599113412,14.2,1,0,0,0,0,0,0,1,0,0,0,0,0,0,0,0,0
3393432760-4599113412,Kullaiba Road,3393432760,4599113412,204.1,2,0,0,0,0,0,0,1,0,0,0,1,0,0,0,0,0
3393432760-3393434596,Kullaiba Road,3393432760,3393434596,19.1,2,0,0,0,0,0,0,1,0,0,0,1,0,0,0,0,0
3393434596-11548130693,Kullaiba Road,3393434596,11548130693,70.7,2,0,0,0,0,0,0,1,0,0,0,1,0,0,0,0,0
903719322-11548130693,Kullaiba Road,903719322,11548130693,95.6,1,0,0,0,0,0,0,1,0,0,0,0,0,0,0,0,0
284966533-903719322,Kullaiba Road,284966533,903719322,5.8,2,0,0,0,0,0,0,1,0,0,0,1,0,0,0,0,0
249343640-284966533,Park Avenue,249343640,284966533,146.0,1,0,0,0,0,0,0,1,0,0,0,0,0,0,0,0,0
249343640-2659075988,Lexington Parade,249343640,2659075988,9.9,1,0,0,0,0,0,0,1,0,0,0,0,0,0,0,0,0
903719305-2659075988,Park Avenue,903719305,2659075988,296.5,2,0,0,0,0,0,0,1,0,0,0,1,0,0,0,0,0
903719305-903719337,Northcott Drive,903719305,903719337,11.9,1,0,0,0,0,0,0,1,0,0,0,0,0,0,0,0,0
249343640-903719337,Park Avenue,249343640,903719337,300.9,2,0,0,0,0,0,0,2,0,0,0,0,0,0,0,0,0
249343640-2833593903,Lexington Parade,249343640,2833593903,57.7,2,0,0,0,0,0,0,2,0,0,0,0,0,0,0,0,0
2833593903-4428724110,Princeton Avenue,2833593903,4428724110,20.8,2,0,0,0,0,0,0,2,0,0,0,0,0,0,0,0,0
903719325-903719337,Park Avenue,903719325,903719337,13.4,1,0,0,0,0,0,0,1,0,0,0,0,0,0,0,0,0
176399672-246011243,Park Avenue,176399672,246011243,38.3,1,0,0,0,0,0,0,1,0,0,0,0,0,0,0,0,0
176399696-246011243,Park Avenue,176399696,246011243,122.7,4,0,0,0,0,0,0,2,1,0,0,1,0,0,0,0,0
176399696-8562026835,Brisbane Water Road,176399696,8562026835,23.9,2,0,0,0,0,0,0,2,0,0,0,0,0,0,0,0,0
8562026835-8562026838,Brisbane Water Road,8562026835,8562026838,19.9,2,0,0,0,0,0,0,2,0,0,0,0,0,0,0,0,0
285732109-8562026838,Brisbane Water Road,285732109,8562026838,4.9,2,0,0,0,0,0,0,2,0,0,0,0,0,0,0,0,0
285732108-285732109,Brisbane Water Road,285732108,285732109,70.5,2,0,0,0,0,0,0,2,0,0,0,0,0,0,0,0,0
246011243-903719287,Park Avenue,246011243,903719287,37.5,3,0,0,0,0,0,0,1,1,0,0,1,0,0,0,0,0
176399672-418606411,Noel Avenue,176399672,418606411,52.0,2,0,0,0,0,0,0,2,0,0,0,0,0,0,0,0,0
285923598-367125797,Bridges Road,285923598,367125797,93.8,5,0,0,0,0,0,0,0,1,2,0,0,0,0,0,2,0
367125797-1956532188,Bridges Road,367125797,1956532188,87.0,4,0,0,0,0,0,0,0,1,1,0,0,0,0,0,2,0
1839861567-1956532188,Bridges Road,1839861567,1956532188,28.9,4,0,0,0,0,0,0,0,1,2,0,0,0,0,0,1,0
362011404-1839861567,Bridges Road,362011404,1839861567,13.3,4,0,0,0,0,0,0,0,1,2,0,0,0,0,0,1,0
359020704-362011404,Lambton Road,359020704,362011404,49.9,4,0,0,0,0,0,0,0,1,2,0,0,0,0,0,1,0
359020704-1839861568,Lambton Road,359020704,1839861568,95.5,4,0,0,0,0,0,0,0,1,2,0,0,0,0,0,1,0
1839861568-1839861571,Lang Road,1839861568,1839861571,16.3,2,0,0,0,0,0,0,0,1,0,0,0,0,0,0,1,0
286119006-1839861571,Lang Road,286119006,1839861571,144.0,3,0,0,0,0,0,0,0,1,0,0,0,0,0,0,2,0
286119006-1839861581,Newton Street,286119006,1839861581,46.2,3,0,0,0,0,0,0,0,1,0,0,0,0,0,0,2,0
362011394-1839861581,Kings Road,362011394,1839861581,1000.8,1,0,0,0,0,0,0,0,1,0,0,0,0,0,0,0,0
362011394-1843667533,Kings Road,362011394,1843667533,377.1,2,0,0,0,0,0,0,0,2,0,0,0,0,0,0,0,0
1843667531-1843667533,Cross Street,1843667531,1843667533,73.4,2,0,0,0,0,0,0,0,2,0,0,0,0,0,0,0,0
1843667533-1843667534,Cross Street,1843667533,1843667534,65.8,2,0,0,0,0,0,0,0,2,0,0,0,0,0,0,0,0
1843667533-1843667536,Kings Road,1843667533,1843667536,131.1,2,0,0,0,0,0,0,0,2,0,0,0,0,0,0,0,0
285732092-285732244,Edden Street,285732092,285732244,83.4,2,0,0,0,0,0,0,0,1,0,0,1,0,0,0,0,0
285732228-285732244,Edden Street,285732228,285732244,141.4,1,0,0,0,0,0,0,0,1,0,0,0,0,0,0,0,0
285732226-285732228,Fourth Street,285732226,285732228,102.6,1,0,0,0,0,0,0,0,1,0,0,0,0,0,0,0,0
285732113-285732226,Bailey Street,285732113,285732226,242.4,2,0,0,0,0,0,0,0,2,0,0,0,0,0,0,0,0
285732226-8386558649,Bailey Street,285732226,8386558649,64.8,1,0,0,0,0,0,0,0,1,0,0,0,0,0,0,0,0
2658879567-8386558649,Bailey Street,2658879567,8386558649,23.3,2,0,0,0,0,0,0,0,2,0,0,0,0,0,0,0,0
8386558649-10130363628,Bailey Street,8386558649,10130363628,21.6,1,0,0,0,0,0,0,0,1,0,0,0,0,0,0,0,0
3336072242-8534733867,Park Avenue,3336072242,8534733867,23.8,2,0,0,0,0,0,0,0,2,0,0,0,0,0,0,0,0
3336072231-8534733867,Park Avenue,3336072231,8534733867,24.5,2,0,0,0,0,0,0,0,1,0,0,1,0,0,0,0,0
176399746-8534733867,Park Avenue,176399746,8534733867,375.6,2,0,0,0,0,0,0,0,1,0,0,1,0,0,0,0,0
176399746-419517731,Fletcher Street,176399746,419517731,28.3,1,0,0,0,0,0,0,0,1,0,0,0,0,0,0,0,0
419517731-8528284071,Gow Street / Fletcher Street / Dibbs Street,419517731,8528284071,320.2,1,0,0,0,0,0,0,0,1,0,0,0,0,0,0,0,0
286098496-8528284071,Dibbs Street,286098496,8528284071,19.8,2,0,0,0,0,0,0,0,2,0,0,0,0,0,0,0,0
286098496-903719290,Park Avenue,286098496,903719290,45.2,5,0,0,0,0,0,0,0,4,0,0,1,0,0,0,0,0
176399746-903719290,Park Avenue,176399746,903719290,76.5,3,0,0,0,0,0,0,0,2,0,0,1,0,0,0,0,0
286098496-8528284074,Park Avenue,286098496,8528284074,7.3,5,0,0,0,0,0,0,0,4,0,0,1,0,0,0,0,0
176399696-8528284074,Park Avenue,176399696,8528284074,36.0,4,0,0,0,0,0,0,0,3,0,0,1,0,0,0,0,0
8528284071-8528284074,Dibbs Street,8528284071,8528284074,15.4,1,0,0,0,0,0,0,0,1,0,0,0,0,0,0,0,0
419517731-903719290,Park Avenue,419517731,903719290,81.7,2,0,0,0,0,0,0,0,2,0,0,0,0,0,0,0,0
367125797-1956536856,Bridges Road,367125797,1956536856,37.3,1,0,0,0,0,0,0,0,0,1,0,0,0,0,0,0,0
1839861566-1956536856,Bridges Road,1839861566,1956536856,66.5,3,0,0,0,0,0,0,0,0,3,0,0,0,0,0,0,0
1839861563-1839861566,Turton Road,1839861563,1839861566,13.0,2,0,0,0,0,0,0,0,0,2,0,0,0,0,0,0,0
1839861566-1956536838,Lambton Road,1839861566,1956536838,62.8,2,0,0,0,0,0,0,0,0,2,0,0,0,0,0,0,0
1839861566-1839861567,Lambton Road,1839861566,1839861567,16.2,1,0,0,0,0,0,0,0,0,1,0,0,0,0,0,0,0
1839861567-1956536851,Lambton Road,1839861567,1956536851,43.5,1,0,0,0,0,0,0,0,0,1,0,0,0,0,0,0,0
1839861571-1956536851,Lambton Road,1839861571,1956536851,108.4,3,0,0,0,0,0,0,0,0,2,0,0,0,0,0,1,0
1839861571-1839861575,Lambton Road,1839861571,1839861575,160.6,2,0,0,0,0,0,0,0,0,2,0,0,0,0,0,0,0
1839861574-1839861575,Cameron Street,1839861574,1839861575,16.3,1,0,0,0,0,0,0,0,0,1,0,0,0,0,0,0,0
367125595-1839861574,Lambton Road,367125595,1839861574,33.4,3,0,0,0,0,0,0,0,0,1,0,0,0,0,0,2,0
367125595-1839861576,Bronte Road,367125595,1839861576,16.4,1,0,0,0,0,0,0,0,0,1,0,0,0,0,0,0,0
1839861575-1839861576,Lambton Road,1839861575,1839861576,32.6,1,0,0,0,0,0,0,0,0,1,0,0,0,0,0,0,0
1956532188-1956536851,Unnamed Road,1956532188,1956536851,66.6,2,0,0,0,0,0,0,0,0,1,0,0,0,0,0,1,0
362011404-1839861563,Lambton Road,362011404,1839861563,16.3,2,0,0,0,0,0,0,0,0,2,0,0,0,0,0,0,0
1839861560-1839861563,Turton Road,1839861560,1839861563,41.2,2,0,0,0,0,0,0,0,0,2,0,0,0,0,0,0,0
1839861553-1839861560,Turton Road,1839861553,1839861560,148.3,3,0,0,0,0,0,0,0,0,3,0,0,0,0,0,0,0
285923224-1839861553,Rex Avenue,285923224,1839861553,83.1,2,0,0,0,0,0,0,0,0,2,0,0,0,0,0,0,0
1839861560-6134998010,Unnamed Road,1839861560,6134998010,80.1,1,0,0,0,0,0,0,0,0,1,0,0,0,0,0,0,0
1839861563-6134998010,Lambton Road,1839861563,6134998010,47.1,2,0,0,0,0,0,0,0,0,2,0,0,0,0,0,0,0
285923805-1843667393,Greta Road,285923805,1843667393,51.5,1,0,0,0,0,0,0,0,0,1,0,0,0,0,0,0,0
285923172-1843667393,Thalaba Road,285923172,1843667393,232.0,1,0,0,0,0,0,0,0,0,1,0,0,0,0,0,0,0
285922527-4414732069,Hobart Road,285922527,4414732069,112.5,1,0,0,0,0,0,0,0,0,1,0,0,0,0,0,0,0
367128371-4414732069,Henderson Street,367128371,4414732069,12.2,2,0,0,0,0,0,0,0,0,2,0,0,0,0,0,0,0
367128370-367128371,Hobart Road,367128370,367128371,81.2,1,0,0,0,0,0,0,0,0,1,0,0,0,0,0,0,0
285923198-367128370,Hitchcock Avenue,285923198,367128370,196.3,1,0,0,0,0,0,0,0,0,1,0,0,0,0,0,0,0
285923183-1843667338,Monash Road,285923183,1843667338,93.1,2,0,0,0,0,0,0,0,0,2,0,0,0,0,0,0,0
367128376-4414732069,Hobart Road,367128376,4414732069,80.6,1,0,0,0,0,0,0,0,0,1,0,0,0,0,0,0,0
337344524-367128369,Hobart Road,337344524,367128369,118.9,2,0,0,0,0,0,0,0,0,2,0,0,0,0,0,0,0
285923230-285923234,Duke Street,285923230,285923234,120.0,1,0,0,0,0,0,0,0,0,1,0,0,0,0,0,0,0
285923227-1839861547,Monash Road,285923227,1839861547,93.0,1,0,0,0,0,0,0,0,0,1,0,0,0,0,0,0,0
1839861547-1839861548,Monash Road,1839861547,1839861548,11.9,2,0,0,0,0,0,0,0,0,2,0,0,0,0,0,0,0
1839861547-1839861553,Turton Road,1839861547,1839861553,155.1,1,0,0,0,0,0,0,0,0,1,0,0,0,0,0,0,0
1839861568-1839861574,Lambton Road,1839861568,1839861574,159.5,4,0,0,0,0,0,0,0,0,2,0,0,0,0,0,2,0
1843667350-1843667358,Chiplin Street,1843667350,1843667358,51.8,4,0,0,0,0,0,0,0,0,0,4,0,0,0,0,0,0
1843667358-1843667380,Hawkins Street,1843667358,1843667380,77.7,2,0,0,0,0,0,0,0,0,0,2,0,0,0,0,0,0
1843667346-1843667350,Chiplin Street,1843667346,1843667350,51.6,2,0,0,0,0,0,0,0,0,0,2,0,0,0,0,0,0
1843667288-1843667346,Mitchell Avenue / Chiplin Street,1843667288,1843667346,384.1,1,0,0,0,0,0,0,0,0,0,1,0,0,0,0,0,0
1843667288-1843667368,Florida Avenue,1843667288,1843667368,409.0,1,0,0,0,0,0,0,0,0,0,1,0,0,0,0,0,0
1843667346-1843667368,Florida Avenue,1843667346,1843667368,172.4,1,0,0,0,0,0,0,0,0,0,1,0,0,0,0,0,0
1843667350-1843667369,Mirral Crescent,1843667350,1843667369,106.5,2,0,0,0,0,0,0,0,0,0,2,0,0,0,0,0,0
1843667368-1843667369,Mirral Crescent,1843667368,1843667369,121.0,2,0,0,0,0,0,0,0,0,0,2,0,0,0,0,0,0
1843667369-2688005561,Adina Place,1843667369,2688005561,38.5,2,0,0,0,0,0,0,0,0,0,2,0,0,0,0,0,0
1843667312-1843667315,Hawkins Street,1843667312,1843667315,33.7,2,0,0,0,0,0,0,0,0,0,2,0,0,0,0,0,0
1843667298-1843667320,Noela Avenue,1843667298,1843667320,82.5,4,0,0,0,0,0,0,0,0,0,4,0,0,0,0,0,0
1843667298-1843667298,Noela Avenue,1843667298,1843667298,94.1,1,0,0,0,0,0,0,0,0,0,1,0,0,0,0,0,0
285923025-1843667262,Durham Road,285923025,1843667262,132.4,3,0,0,0,0,0,0,0,0,0,3,0,0,0,0,0,0
285922879-1843667262,Durham Road,285922879,1843667262,32.3,1,0,0,0,0,0,0,0,0,0,1,0,0,0,0,0,0
285922876-285922879,Morehead Street,285922876,285922879,89.3,1,0,0,0,0,0,0,0,0,0,1,0,0,0,0,0,0
285922876-285923054,Morehead Street,285922876,285923054,55.3,1,0,0,0,0,0,0,0,0,0,1,0,0,0,0,0,0
285923054-285923055,Wye Street,285923054,285923055,120.7,1,0,0,0,0,0,0,0,0,0,1,0,0,0,0,0,0
285923053-285923055,Church Street,285923053,285923055,164.0,1,0,0,0,0,0,0,0,0,0,1,0,0,0,0,0,0
285922506-285923053,Howe Street,285922506,285923053,207.1,1,0,0,0,0,0,0,0,0,0,1,0,0,0,0,0,0
1843667257-1843667280,Durham Road,1843667257,1843667280,251.5,4,0,0,0,0,0,0,0,0,0,2,0,0,0,2,0,0
1843667262-1843667290,Dan Close,1843667262,1843667290,73.0,2,0,0,0,0,0,0,0,0,0,2,0,0,0,0,0,0
3488644760-4599113412,Kullaiba Road,3488644760,4599113412,12.0,1,0,0,0,0,0,0,0,0,0,0,1,0,0,0,0,0
11548130693-12038672027,Kullaiba Road,11548130693,12038672027,98.2,1,0,0,0,0,0,0,0,0,0,0,1,0,0,0,0,0
903719322-12038672027,Park Avenue,903719322,12038672027,7.2,2,0,0,0,0,0,0,0,0,0,0,2,0,0,0,0,0
903719322-2659075988,Park Avenue,903719322,2659075988,146.4,3,0,0,0,0,0,0,0,0,0,0,3,0,0,0,0,0
284966533-12038672019,Park Avenue,284966533,12038672019,7.3,1,0,0,0,0,0,0,0,0,0,0,1,0,0,0,0,0
12038672019-12038672027,Kullaiba Road,12038672019,12038672027,6.1,1,0,0,0,0,0,0,0,0,0,0,1,0,0,0,0,0
285732244-1840020268,Third Street,285732244,1840020268,80.1,3,0,0,0,0,0,0,0,0,0,0,3,0,0,0,0,0
285732089-1840020268,Sixth Street,285732089,1840020268,142.8,3,0,0,0,0,0,0,0,0,0,0,3,0,0,0,0,0
285732248-1840020268,Third Street,285732248,1840020268,116.9,1,0,0,0,0,0,0,0,0,0,0,1,0,0,0,0,0
285732248-2108084123,Third Street,285732248,2108084123,48.1,2,0,0,0,0,0,0,0,0,0,0,2,0,0,0,0,0
285732211-285732230,Wood Street,285732211,285732230,56.4,2,0,0,0,0,0,0,0,0,0,0,2,0,0,0,0,0
285732229-285732230,Fourth Street,285732229,285732230,117.1,1,0,0,0,0,0,0,0,0,0,0,1,0,0,0,0,0
285732228-285732229,Fourth Street,285732228,285732229,81.2,1,0,0,0,0,0,0,0,0,0,0,1,0,0,0,0,0
285732228-1840020284,Edden Street,285732228,1840020284,57.2,1,0,0,0,0,0,0,0,0,0,0,1,0,0,0,0,0
1840020284-1840020286,Eighth Street,1840020284,1840020286,81.7,1,0,0,0,0,0,0,0,0,0,0,1,0,0,0,0,0
285732211-1840020286,Eighth Street,285732211,1840020286,116.9,2,0,0,0,0,0,0,0,0,0,0,2,0,0,0,0,0
285732211-285732216,Wood Street,285732211,285732216,66.3,2,0,0,0,0,0,0,0,0,0,0,2,0,0,0,0,0
285732058-285732216,Wood Street,285732058,285732216,107.5,2,0,0,0,0,0,0,0,0,0,0,2,0,0,0,0,0
285732229-1840020286,Sixth Street,285732229,1840020286,56.2,3,0,0,0,0,0,0,0,0,0,0,3,0,0,0,0,0
285732229-1840020268,Sixth Street,285732229,1840020268,142.7,3,0,0,0,0,0,0,0,0,0,0,3,0,0,0,0,0
1869447615-2643520648,Carnley Avenue,1869447615,2643520648,775.6,4,0,0,0,0,0,0,0,0,0,0,0,4,0,0,0,0
1869447615-3706568807,Unnamed Road,1869447615,3706568807,49.5,2,0,0,0,0,0,0,0,0,0,0,0,2,0,0,0,0
3706568807-5859330886,Unnamed Road,3706568807,5859330886,173.6,2,0,0,0,0,0,0,0,0,0,0,0,2,0,0,0,0
3706568807-5859330079,Unnamed Road,3706568807,5859330079,53.1,2,0,0,0,0,0,0,0,0,0,0,0,2,0,0,0,0
285732076-285732077,Victoria Street,285732076,285732077,111.3,1,0,0,0,0,0,0,0,0,0,0,0,0,1,0,0,0
272225716-285732077,Victoria Street,272225716,285732077,111.2,1,0,0,0,0,0,0,0,0,0,0,0,0,1,0,0,0
272224405-272225716,Brunker Road,272224405,272225716,117.4,2,0,0,0,0,0,0,0,0,0,0,0,0,2,0,0,0
286119437-286119679,Kyle Road,286119437,286119679,71.1,1,0,0,0,0,0,0,0,0,0,0,0,0,1,0,0,0
286119679-1839861619,Kyle Road,286119679,1839861619,49.4,1,0,0,0,0,0,0,0,0,0,0,0,0,1,0,0,0
285732088-1839861619,Gosford Road,285732088,1839861619,103.9,1,0,0,0,0,0,0,0,0,0,0,0,0,1,0,0,0
285732087-285732088,Gosford Road,285732087,285732088,116.3,1,0,0,0,0,0,0,0,0,0,0,0,0,1,0,0,0
272225716-285732087,Victoria Street,272225716,285732087,116.4,1,0,0,0,0,0,0,0,0,0,0,0,0,1,0,0,0
769203720-769203760,Teralba Road,769203720,769203760,222.4,2,0,0,0,0,0,0,0,0,0,0,0,0,2,0,0,0
1843667439-3141573810,Carrington Parade,1843667439,3141573810,131.8,1,0,0,0,0,0,0,0,0,0,0,0,0,0,1,0,0
3141573806-3141573810,Carrington Parade / Curzon Road,3141573806,3141573810,129.7,1,0,0,0,0,0,0,0,0,0,0,0,0,0,1,0,0
1843667398-3141573806,Curzon Road,1843667398,3141573806,567.6,1,0,0,0,0,0,0,0,0,0,0,0,0,0,1,0,0
1843667398-1843667400,Croudace Street / Curzon Road,1843667398,1843667400,317.8,1,0,0,0,0,0,0,0,0,0,0,0,0,0,1,0,0
285923501-1843667400,Carrington Parade,285923501,1843667400,96.8,1,0,0,0,0,0,0,0,0,0,0,0,0,0,1,0,0
285923501-445405877,Lookout Road,285923501,445405877,70.4,1,0,0,0,0,0,0,0,0,0,0,0,0,0,1,0,0
445405877-592594301,Jacaranda Drive,445405877,592594301,12.2,1,0,0,0,0,0,0,0,0,0,0,0,0,0,1,0,0
249344236-592594301,Lookout Road,249344236,592594301,316.0,1,0,0,0,0,0,0,0,0,0,0,0,0,0,1,0,0
249344236-2678502918,Lookout Road,249344236,2678502918,20.0,1,0,0,0,0,0,0,0,0,0,0,0,0,0,1,0,0
285923501-2678502918,Lookout Road,285923501,2678502918,235.6,2,0,0,0,0,0,0,0,0,0,0,0,0,0,2,0,0
2678502916-2678502918,Russell Road,2678502916,2678502918,30.3,1,0,0,0,0,0,0,0,0,0,0,0,0,0,1,0,0
1843667386-2678502916,Russell Road,1843667386,2678502916,192.6,1,0,0,0,0,0,0,0,0,0,0,0,0,0,1,0,0
1843667386-1843667394,Russell Road,1843667386,1843667394,290.4,1,0,0,0,0,0,0,0,0,0,0,0,0,0,1,0,0
1843667249-1843667257,Karoola Road,1843667249,1843667257,168.2,2,0,0,0,0,0,0,0,0,0,0,0,0,0,2,0,0
285923062-1843667257,Durham Road,285923062,1843667257,171.0,2,0,0,0,0,0,0,0,0,0,0,0,0,0,2,0,0
1839861581-2120440767,Newton Street,1839861581,2120440767,78.8,2,0,0,0,0,0,0,0,0,0,0,0,0,0,0,2,0
367125595-1862834363,Bronte Road,367125595,1862834363,72.5,2,0,0,0,0,0,0,0,0,0,0,0,0,0,0,2,0
1840020321-2692226738,Kotara Place,1840020321,2692226738,56.7,1,0,0,0,0,0,0,0,0,0,0,0,0,0,0,0,1
1840020320-2692226738,Kotara Place,1840020320,2692226738,55.2,1,0,0,0,0,0,0,0,0,0,0,0,0,0,0,0,1
1840020308-1840020315,March Street,1840020308,1840020315,335.1,2,0,0,0,0,0,0,0,0,0,0,0,0,0,0,0,2
